CustomerID,Age,Gender,Region,Annual_Income,Spending_Score,Payment_Method,Churn_Flag,Tenure,Monthly_Charges,Total_Charges,Interactions_Per_Day
1001,45.0,Male,East,52750.2,40.8,Credit Card,0,30.4,100.15,3035.11,7
1002,,Female,North,,74.9,Credit Card,0,5.3,32.32,218.26,6
1003,51.0,Male,East,44958.14,45.8,Credit Card,0,17.4,74.99,1350.14,1
1004,53.0,Female,West,72060.38,64.9,Credit Card,0,0.3,74.08,0.0,2
1005,18.0,Male,South,54249.39,43.3,Credit Card,0,7.1,78.19,618.95,2
1006,24.0,Male,South,63139.04,48.8,Debit Card,0,51.6,169.66,8756.27,0
1007,43.0,Male,West,73242.83,64.4,Debit Card,1,21.5,70.1,1509.14,4
1008,37.0,Male,West,45767.13,48.3,Debit Card,0,6.0,94.18,569.04,2
1009,41.0,Male,West,,70.0,PayPal,0,3.6,92.76,336.71,2
1010,30.0,Male,South,64246.28,30.0,Credit Card,1,9.2,78.6,617.91,2
1011,52.0,Male,West,31080.44,61.7,Cash,1,4.3,49.48,205.34,1
1012,51.0,Male,North,103677.16,68.5,PayPal,0,38.8,83.06,3168.17,6
1013,42.0,Female,South,43246.21,52.1,PayPal,0,18.7,33.11,684.21,4
1014,56.0,Male,South,25724.71,70.7,PayPal,0,18.3,98.21,1860.69,6
1015,47.0,Female,West,33851.22,45.8,Credit Card,1,41.2,31.12,1316.22,4
1016,30.0,Female,West,34218.77,32.9,Credit Card,0,17.9,94.46,1681.3,1
1017,46.0,Male,East,301046.15,36.0,Credit Card,1,72.0,60.89,4343.76,3
1018,29.0,Female,East,47895.04,62.2,Credit Card,0,8.0,52.26,391.78,5
1019,52.0,Male,South,46556.67,50.7,Debit Card,1,17.0,109.79,1944.14,4
1020,40.0,Male,South,71601.11,44.3,Credit Card,1,4.9,66.72,299.24,5
1021,39.0,Female,South,63129.53,35.2,Credit Card,0,14.1,81.25,1051.4,2
1022,32.0,Female,North,62456.25,66.6,Cash,0,10.2,39.04,439.41,3
1023,57.0,Female,South,,27.3,Debit Card,0,3.5,143.97,563.92,2
1024,39.0,Male,West,71486.26,70.6,Debit Card,0,5.7,84.62,548.7,3
1025,35.0,Female,East,20982.02,91.4,Credit Card,0,8.0,84.53,717.77,2
1026,36.0,Male,West,45981.88,57.9,Debit Card,0,12.8,130.94,1724.09,4
1027,48.0,Male,South,20310.75,58.4,PayPal,1,21.8,99.12,2162.93,4
1028,46.0,Male,East,55062.65,40.3,Debit Card,0,7.5,26.53,115.92,5
1029,46.0,Female,North,54063.53,30.1,Debit Card,1,4.6,150.41,693.0,3
1030,47.0,Male,South,86724.31,36.8,Debit Card,0,35.6,69.03,2482.33,3
1031,,Female,South,92451.13,27.5,Credit Card,0,50.0,146.41,7315.09,5
1032,36.0,Female,North,59352.46,31.0,Debit Card,0,10.9,68.01,734.08,3
1033,34.0,Female,North,43253.68,71.9,Cash,0,10.9,61.64,633.31,1
1034,30.0,Female,East,67394.76,53.7,Credit Card,0,1.1,96.24,65.79,1
1035,49.0,Female,South,42720.62,52.2,Credit Card,0,5.7,185.11,1128.65,3
1036,56.0,Male,South,,44.9,Credit Card,0,5.1,129.16,733.69,5
1037,40.0,Male,North,84437.03,45.7,Credit Card,0,15.1,100.81,1522.13,4
1038,30.0,Female,East,,68.0,Cash,0,2.5,95.59,250.24,2
1039,30.0,Male,South,77851.26,49.0,PayPal,0,7.2,82.73,556.42,1
1040,49.0,Male,South,73484.56,58.8,Credit Card,1,23.2,143.47,3354.21,2
1041,51.0,Male,East,35254.33,46.9,Credit Card,1,20.2,111.0,2312.59,7
1042,48.0,Male,North,431511.84,51.9,Credit Card,0,6.4,42.83,212.94,5
1043,32.0,Male,West,,30.5,Credit Card,0,2.6,52.39,154.77,4
1044,44.0,Male,North,56719.12,26.4,Debit Card,0,7.0,102.3,737.66,2
1045,43.0,Female,South,38443.87,40.8,PayPal,0,12.8,48.69,644.34,2
1046,44.0,Male,North,36803.83,49.8,Debit Card,0,13.9,84.42,1239.15,1
1047,52.0,Female,East,42533.69,27.3,Credit Card,0,1.7,115.03,276.99,6
1048,44.0,Female,South,69159.28,46.5,PayPal,0,8.4,96.53,801.51,3
1049,50.0,Male,West,,54.3,PayPal,0,33.5,45.64,1555.87,0
1050,42.0,Female,South,65965.06,15.8,Credit Card,0,52.2,53.61,2801.81,5
1051,45.0,Female,East,30983.5,30.9,Debit Card,0,53.4,97.84,5199.37,3
1052,49.0,Female,North,,0.0,Debit Card,1,1.5,175.78,274.5,6
1053,22.0,Male,North,56916.55,63.9,PayPal,0,47.4,76.97,3675.24,4
1054,,Male,South,162805.02,32.4,Credit Card,0,28.6,116.77,3348.3,2
1055,35.0,Male,East,29149.93,49.3,Credit Card,0,18.8,96.9,1786.47,3
1056,33.0,Female,South,105072.57,62.3,Debit Card,0,11.9,60.63,702.95,1
1057,37.0,Female,West,57955.4,70.8,Credit Card,0,5.0,117.35,568.51,2
1058,60.0,Female,East,65187.78,49.9,Credit Card,1,16.1,38.58,587.44,1
1059,30.0,Female,West,,49.4,PayPal,0,2.3,113.63,273.89,7
1060,54.0,Female,South,66179.57,99.3,Credit Card,1,1.1,99.45,126.12,2
1061,,Female,West,,60.8,Debit Card,0,45.3,63.06,2895.8,4
1062,37.0,Male,East,,53.0,Cash,1,5.0,50.47,218.05,0
1063,43.0,Female,East,44116.45,59.3,Debit Card,0,41.9,65.44,2718.84,5
1064,49.0,Male,West,90174.82,57.2,Debit Card,0,3.2,58.7,250.02,2
1065,50.0,Male,East,40539.61,61.1,Debit Card,0,5.4,71.72,380.71,2
1066,51.0,Female,West,52727.2,57.6,Credit Card,1,3.7,68.32,253.99,2
1067,36.0,Female,East,33443.64,61.9,Credit Card,0,9.8,63.05,610.89,4
1068,35.0,Male,North,66486.93,64.0,Debit Card,0,35.0,37.96,1373.92,2
1069,52.0,Female,East,103808.87,40.3,Credit Card,0,42.4,47.53,2062.14,4
1070,39.0,Male,South,52322.92,17.0,Credit Card,0,12.0,125.48,1550.29,4
1071,24.0,Male,West,49582.91,78.5,Credit Card,0,20.0,63.83,1277.66,3
1072,26.0,Male,West,32807.83,58.9,PayPal,0,1.8,72.3,95.24,2
1073,29.0,Female,North,48865.08,29.4,Credit Card,0,1.7,66.76,190.5,3
1074,47.0,Female,North,26456.11,36.9,PayPal,0,29.9,144.94,4367.96,5
1075,43.0,Male,North,35925.58,68.3,Credit Card,0,9.4,58.12,528.06,2
1076,50.0,Male,South,59997.23,40.8,Debit Card,0,25.5,56.39,1494.9,4
1077,35.0,Male,North,98081.69,50.0,Credit Card,1,9.7,100.4,952.46,4
1078,43.0,Male,East,790286.78,69.6,Credit Card,0,13.9,87.22,1268.79,2
1079,49.0,Female,East,41607.54,34.2,Debit Card,1,17.5,101.61,1837.31,3
1080,,Female,West,103350.88,49.7,Debit Card,0,11.0,98.86,1050.6,4
1081,,Female,North,60457.06,56.4,Credit Card,0,9.1,118.68,1103.26,6
1082,32.0,Male,South,50611.73,56.6,Credit Card,0,9.0,45.15,437.64,3
1083,36.0,Female,North,65819.24,61.5,Credit Card,0,2.6,96.31,355.0,3
1084,36.0,Male,West,55707.07,70.9,Credit Card,0,21.8,56.54,1202.88,4
1085,25.0,Male,North,56935.71,57.2,Debit Card,0,3.0,33.7,158.4,1
1086,47.0,Female,North,45082.53,63.8,Credit Card,0,4.2,98.57,414.69,6
1087,35.0,Female,North,28878.44,48.0,Debit Card,0,9.8,96.13,892.42,8
1088,41.0,Female,West,27048.01,53.9,Credit Card,0,9.9,79.88,786.01,4
1089,47.0,Female,North,72690.08,53.7,Debit Card,0,8.6,119.59,1028.57,3
1090,47.0,Female,East,47833.67,53.5,Credit Card,0,31.4,56.73,1738.97,4
1091,50.0,Female,East,41429.98,60.9,Debit Card,0,6.4,105.48,687.56,7
1092,40.0,Male,East,201151.56,60.4,Credit Card,1,37.6,75.05,2860.19,2
1093,35.0,Male,North,77475.69,58.6,Cash,0,16.0,77.5,1249.53,5
1094,40.0,Male,North,58756.89,39.0,Debit Card,0,14.7,35.54,500.76,1
1095,19.0,Male,South,,45.8,PayPal,0,17.1,120.12,2048.11,5
1096,22.0,Male,North,,49.3,Credit Card,0,4.2,94.55,396.93,3
1097,24.0,Male,East,110264.08,59.0,Credit Card,0,16.6,103.74,1730.78,2
1098,,Female,South,67680.3,81.0,Credit Card,0,29.7,53.53,1634.23,2
1099,46.0,Female,South,83964.43,40.5,Credit Card,0,20.3,89.91,1836.05,3
1100,29.0,Female,North,94739.09,56.3,Debit Card,0,1.7,74.98,71.36,5
1101,36.0,Male,East,90088.22,66.0,PayPal,0,8.6,96.67,808.87,3
1102,58.0,Female,North,71420.81,57.0,Debit Card,1,0.5,88.17,50.73,5
1103,,Male,East,70916.34,84.3,Debit Card,0,8.0,157.45,1304.56,2
1104,51.0,Male,North,68449.21,51.5,Credit Card,0,2.8,135.75,432.01,2
1105,29.0,Male,West,33063.92,67.8,Credit Card,0,11.1,71.41,863.64,3
1106,38.0,Male,East,74259.83,35.2,PayPal,1,0.6,98.52,64.34,1
1107,29.0,Male,North,29433.35,45.6,Credit Card,0,49.1,68.93,3415.0,3
1108,37.0,Female,North,37889.54,55.1,Credit Card,1,7.1,118.2,781.04,4
1109,52.0,Female,South,97402.22,64.5,Cash,1,26.0,76.32,2001.52,7
1110,,Female,North,79070.81,61.9,Cash,0,4.5,65.0,249.49,4
1111,47.0,Male,North,105802.48,72.5,Debit Card,0,22.9,89.39,2044.53,2
1112,44.0,Female,West,47941.97,54.7,Credit Card,0,7.7,131.14,1130.97,4
1113,33.0,Female,East,32256.92,42.6,PayPal,0,17.3,122.17,2125.68,3
1114,22.0,Male,North,,97.3,Credit Card,0,49.4,66.57,3254.01,2
1115,,Female,East,56721.81,54.8,Credit Card,1,19.6,151.26,2981.01,0
1116,34.0,Male,North,56136.69,42.4,Credit Card,0,2.6,54.84,121.9,2
1117,44.0,Male,West,90233.52,47.4,Cash,0,40.4,61.77,2457.08,5
1118,41.0,Male,North,46047.48,39.3,Cash,0,23.8,116.05,2846.12,6
1119,62.0,Female,East,,63.3,Debit Card,0,35.3,33.79,1235.46,3
1120,38.0,Male,East,34721.62,44.5,Credit Card,1,41.0,81.34,3348.76,2
1121,28.0,Male,North,66346.27,58.3,Debit Card,0,5.5,71.28,376.37,3
1122,43.0,Male,North,54252.2,57.9,Credit Card,0,7.2,155.2,1105.01,3
1123,44.0,Female,South,38660.9,59.8,PayPal,1,25.8,50.83,1373.11,4
1124,59.0,Male,West,48721.55,45.7,Credit Card,1,1.0,53.12,65.38,5
1125,52.0,Male,East,49867.31,33.3,Credit Card,0,6.8,164.72,996.78,1
1126,46.0,Male,East,47974.75,51.3,PayPal,0,7.8,71.62,655.47,2
1127,60.0,Female,West,120222.99,67.0,Debit Card,0,36.3,128.91,4686.76,3
1128,,Female,West,51828.7,61.5,PayPal,0,51.3,66.88,3444.68,1
1129,33.0,Female,South,48545.01,30.6,Credit Card,0,2.9,60.74,219.61,1
1130,29.0,Male,South,21081.41,56.2,PayPal,0,12.4,131.7,1651.7,2
1131,36.0,Male,East,36228.69,38.6,Credit Card,1,23.6,182.65,4340.42,5
1132,23.0,Female,North,48127.88,44.7,Credit Card,0,7.5,136.12,1003.95,4
1133,49.0,Male,West,39789.82,46.2,Debit Card,1,13.7,65.12,842.95,1
1134,38.0,Female,North,100888.22,74.9,Credit Card,1,4.7,79.85,386.5,3
1135,22.0,Female,North,50300.89,67.6,Debit Card,0,26.2,54.09,1474.42,4
1136,28.0,Male,West,96741.71,65.9,Credit Card,0,25.6,57.84,1454.79,2
1137,45.0,Female,South,55701.76,65.9,Credit Card,0,10.1,56.65,543.04,6
1138,52.0,Female,North,55091.6,93.4,PayPal,0,7.7,67.55,568.98,2
1139,,Male,North,52054.24,28.4,Credit Card,0,5.6,85.25,459.11,4
1140,79.0,Male,East,54268.99,38.9,Debit Card,0,1.3,81.22,89.16,1
1141,,Male,West,117413.57,42.7,PayPal,0,14.6,108.9,1575.01,5
1142,28.0,Female,North,19075.79,39.6,Credit Card,0,37.4,87.13,3256.06,2
1143,18.0,Male,North,22011.15,36.8,PayPal,0,2.3,104.49,177.38,1
1144,44.0,Male,South,42428.4,43.7,Credit Card,0,9.5,111.56,1038.25,1
1145,30.0,Female,West,54531.7,39.2,Credit Card,0,38.4,65.6,2528.25,5
1146,36.0,Male,North,393568.04,57.3,Credit Card,0,30.3,75.66,2301.43,2
1147,,Male,West,67029.58,58.2,PayPal,1,23.3,266.95,6266.25,3
1148,39.0,Female,West,45573.85,62.7,Debit Card,1,0.3,63.37,92.59,4
1149,55.0,Male,South,,46.0,Debit Card,0,20.2,107.03,2222.51,2
1150,43.0,Male,West,86127.84,63.5,Cash,0,6.4,46.38,333.42,2
1151,39.0,Male,East,58854.64,47.6,Credit Card,0,25.8,112.94,2907.9,3
1152,28.0,Male,South,83549.61,73.8,PayPal,0,4.5,59.14,241.21,4
1153,19.0,Male,South,61248.24,50.8,PayPal,0,0.1,82.45,8.96,2
1154,35.0,Female,West,42080.2,32.9,Cash,1,12.6,43.33,569.38,0
1155,,Female,West,74162.77,38.7,Cash,1,6.1,78.99,514.72,4
1156,64.0,Male,East,56941.28,23.9,Cash,1,15.8,79.67,1283.71,2
1157,43.0,Female,West,54209.04,52.4,Credit Card,0,5.9,74.48,434.58,6
1158,54.0,Female,South,105116.98,50.1,PayPal,1,26.9,97.06,2642.39,5
1159,35.0,Female,West,17981.66,48.8,PayPal,0,12.4,126.82,1623.0,5
1160,26.0,Female,West,28625.18,86.3,Debit Card,0,5.3,53.02,316.21,4
1161,28.0,Female,North,31755.41,66.3,Credit Card,1,22.7,75.24,1706.67,4
1162,32.0,Female,North,46006.26,66.9,Cash,1,42.9,44.55,1877.84,3
1163,69.0,Male,South,48311.57,30.4,Credit Card,0,41.0,36.73,1471.63,4
1164,30.0,Female,West,27493.46,39.1,Debit Card,0,68.5,86.66,5908.96,4
1165,52.0,Male,South,34775.86,49.1,Debit Card,1,21.2,51.37,1099.33,3
1166,29.0,Male,East,36776.75,50.7,Credit Card,0,17.1,80.9,1404.18,2
1167,53.0,Female,North,163708.2,19.8,PayPal,0,1.4,88.13,66.8,5
1168,46.0,Male,South,121878.98,44.1,Credit Card,0,4.6,39.16,159.98,4
1169,39.0,Male,East,45013.28,45.8,Debit Card,0,6.5,93.8,619.43,4
1170,40.0,Male,North,45999.58,55.6,PayPal,0,13.9,124.16,1689.84,4
1171,32.0,Male,West,32301.15,44.3,Credit Card,0,31.1,102.85,3215.99,3
1172,47.0,Female,North,22956.15,43.2,PayPal,0,11.0,53.54,576.64,4
1173,35.0,Female,West,51400.54,51.2,Credit Card,0,5.2,78.75,380.56,6
1174,25.0,Male,North,34577.78,49.7,PayPal,0,9.0,82.46,744.27,1
1175,24.0,Male,West,52146.76,61.8,Cash,0,0.7,75.84,68.78,1
1176,43.0,Male,East,26368.02,69.2,Credit Card,0,5.5,45.47,216.14,2
1177,62.0,Male,North,38449.9,56.3,Debit Card,0,0.8,57.02,35.91,2
1178,43.0,Female,North,57923.72,49.4,Debit Card,0,13.1,73.05,975.66,2
1179,39.0,Female,North,63882.09,60.3,Debit Card,1,47.2,87.61,4104.71,2
1180,45.0,Female,East,65372.85,57.9,PayPal,1,9.8,63.2,553.05,3
1181,58.0,Male,West,29904.97,46.6,Debit Card,0,25.3,28.06,648.46,3
1182,44.0,Female,South,79587.2,65.1,Debit Card,0,21.0,35.19,722.27,3
1183,36.0,Female,South,37793.97,61.1,Credit Card,0,17.4,64.81,1074.96,5
1184,55.0,Female,East,72026.26,75.7,Credit Card,0,32.4,157.34,5083.91,5
1185,47.0,Male,East,53917.62,80.9,PayPal,0,15.2,94.07,1496.46,5
1186,61.0,Male,East,29162.11,31.8,Credit Card,1,17.6,86.55,1468.14,2
1187,43.0,Female,South,46990.98,45.2,Debit Card,0,7.5,56.66,413.65,2
1188,25.0,Male,East,63857.78,48.2,Credit Card,0,24.5,66.06,1703.76,3
1189,23.0,Male,West,71384.38,54.3,PayPal,1,3.8,34.23,146.4,1
1190,62.0,Female,South,216611.8,37.1,Debit Card,0,22.5,55.1,1225.04,3
1191,63.0,Female,North,107936.73,40.7,Credit Card,0,69.2,92.07,6364.97,0
1192,39.0,Male,North,85253.11,52.2,Credit Card,0,5.4,86.82,486.0,2
1193,36.0,Male,East,48267.11,39.2,Credit Card,0,24.4,60.75,1550.13,0
1194,60.0,Male,South,75929.06,50.1,Cash,1,25.4,75.82,1904.59,3
1195,27.0,Female,West,129340.93,44.1,Debit Card,0,1.3,81.24,75.31,4
1196,29.0,Male,East,130903.81,33.8,Debit Card,1,20.2,62.09,1199.07,5
1197,49.0,Female,East,31175.88,50.4,PayPal,0,12.9,96.37,1247.3,2
1198,36.0,Female,West,35705.5,58.6,Credit Card,1,11.4,86.16,926.0,2
1199,41.0,Female,North,105684.49,64.2,Credit Card,0,37.5,67.06,2496.2,0
1200,39.0,Female,West,33650.17,89.8,Credit Card,0,6.9,46.68,285.74,3
1201,45.0,Male,North,29877.37,59.9,Credit Card,0,69.3,65.06,4551.62,4
1202,59.0,Male,East,43530.31,61.5,PayPal,1,12.8,63.27,789.52,2
1203,42.0,Female,West,65453.94,42.6,PayPal,0,1.4,60.69,100.84,3
1204,49.0,Male,West,51736.64,36.9,Cash,0,1.7,39.79,3.48,1
1205,18.0,Male,West,40426.73,76.2,PayPal,1,31.0,138.61,4302.17,7
1206,40.0,Male,South,39998.79,31.3,Debit Card,0,26.1,135.62,3491.56,4
1207,,Male,West,,39.6,Credit Card,0,21.6,74.68,1596.06,6
1208,25.0,Male,East,36469.1,50.2,Debit Card,0,1.6,87.43,228.34,1
1209,30.0,Female,East,151256.87,47.2,Cash,0,18.2,95.66,1778.3,3
1210,37.0,Female,North,61937.43,37.7,PayPal,0,72.0,75.18,5407.82,3
1211,53.0,Female,North,80744.21,45.8,Debit Card,0,25.8,90.04,2450.99,4
1212,24.0,Female,East,43473.86,63.4,Debit Card,0,5.2,101.41,490.73,1
1213,41.0,Male,North,49827.36,41.2,PayPal,0,26.9,84.82,2328.27,1
1214,35.0,Female,East,39296.89,24.7,Cash,1,1.3,109.0,80.39,4
1215,37.0,Female,West,16427.82,67.1,PayPal,1,6.6,59.86,385.32,3
1216,,Male,West,29140.84,62.2,Credit Card,0,42.9,78.72,3323.18,5
1217,48.0,Female,North,23985.9,40.7,Credit Card,0,27.9,223.08,6234.22,3
1218,58.0,Male,West,19684.71,33.4,Debit Card,0,27.0,119.86,3238.46,3
1219,39.0,Male,North,31637.19,45.0,Credit Card,0,19.0,85.63,1614.66,3
1220,32.0,Male,South,98344.32,44.6,Cash,0,36.5,53.08,1981.1,0
1221,38.0,Male,West,53103.8,72.2,Debit Card,0,6.2,80.4,475.8,3
1222,44.0,Male,North,96834.02,40.1,Debit Card,0,49.7,116.4,5798.15,3
1223,43.0,Female,North,65182.23,50.6,Credit Card,0,27.9,106.21,2996.08,7
1224,27.0,Female,North,77045.5,61.8,Debit Card,0,1.6,36.26,0.0,1
1225,42.0,Male,South,36119.8,14.9,Debit Card,1,30.2,40.36,1188.94,0
1226,44.0,Female,West,68581.49,74.2,Credit Card,1,15.1,41.07,622.31,2
1227,74.0,Male,North,75201.12,38.1,PayPal,0,14.7,96.31,1440.96,2
1228,,Female,North,41794.03,61.8,Credit Card,0,30.7,41.28,1324.15,2
1229,30.0,Male,East,69688.68,47.8,Credit Card,0,8.0,52.15,408.56,4
1230,37.0,Male,North,69897.45,74.4,Credit Card,0,1.4,74.05,91.01,2
1231,22.0,Female,East,42306.72,59.5,Debit Card,1,58.3,124.74,7237.44,4
1232,33.0,Female,West,32687.7,23.3,PayPal,1,58.3,98.25,5741.17,2
1233,45.0,Female,East,31797.48,39.4,PayPal,0,26.9,70.39,1881.61,1
1234,57.0,Female,West,56326.9,58.2,Credit Card,1,27.8,110.33,3056.21,2
1235,32.0,Female,South,62765.1,43.3,Cash,0,29.1,177.86,5171.97,3
1236,32.0,Male,West,37924.91,64.3,PayPal,1,72.0,80.7,5832.47,3
1237,18.0,Male,North,54828.39,64.9,Credit Card,0,1.6,45.61,50.43,2
1238,39.0,Male,North,70034.39,65.7,Credit Card,0,0.9,52.88,16.71,3
1239,27.0,Male,East,71552.44,42.0,Credit Card,0,5.7,52.68,317.54,6
1240,34.0,Male,North,108917.51,24.7,PayPal,1,16.3,57.52,816.55,4
1241,30.0,Female,West,96243.95,55.3,Credit Card,0,25.9,68.36,1746.38,5
1242,40.0,Male,East,34524.31,54.3,Debit Card,0,13.2,88.69,1124.66,4
1243,18.0,Female,West,115567.93,38.9,PayPal,0,20.1,42.9,910.42,6
1244,22.0,Male,South,42661.86,53.9,PayPal,0,10.8,46.02,479.38,2
1245,,Female,South,86698.58,61.6,Debit Card,1,11.6,101.03,1149.52,1
1246,24.0,Female,East,55859.45,49.7,PayPal,0,8.3,63.4,524.28,3
1247,27.0,Male,North,45005.18,7.4,Credit Card,0,16.8,54.93,899.01,4
1248,65.0,Male,East,24017.46,33.3,PayPal,1,2.4,71.58,155.69,1
1249,79.0,Female,East,50151.11,76.2,Credit Card,0,1.5,134.16,205.12,3
1250,26.0,Female,West,26856.89,50.2,Credit Card,0,12.5,106.95,1319.99,2
1251,36.0,Male,East,83724.31,22.7,Cash,1,7.9,103.82,803.01,3
1252,45.0,Male,North,107211.27,75.7,Credit Card,0,7.9,154.65,1181.33,2
1253,63.0,Female,South,,47.6,Credit Card,0,41.7,90.46,3726.03,4
1254,28.0,Female,East,62061.86,76.3,Debit Card,0,72.0,160.99,11593.71,5
1255,38.0,Male,North,39088.12,61.4,Credit Card,0,17.3,166.8,2897.9,4
1256,51.0,Male,South,40830.39,54.9,Credit Card,0,3.1,43.43,77.51,9
1257,47.0,Female,South,76766.42,49.8,Debit Card,1,27.6,38.89,1103.76,2
1258,36.0,Male,North,53244.93,64.2,PayPal,1,14.7,51.29,784.52,2
1259,39.0,Female,South,118520.55,85.5,PayPal,0,25.6,128.32,3323.98,7
1260,23.0,Male,North,43607.98,73.7,Credit Card,0,18.1,72.18,1318.45,2
1261,38.0,Female,East,84940.08,30.7,Debit Card,1,2.1,68.5,169.33,3
1262,38.0,Male,North,56604.06,63.1,PayPal,0,19.1,111.61,2219.15,2
1263,44.0,Male,East,77505.18,63.3,Credit Card,0,18.6,62.08,1142.63,3
1264,34.0,Female,North,44301.73,73.5,Credit Card,0,65.3,85.58,5546.55,1
1265,47.0,Male,West,52981.52,45.9,Credit Card,0,43.1,101.01,4292.17,6
1266,54.0,Female,North,51432.5,67.0,Debit Card,0,72.0,53.17,3898.47,3
1267,43.0,Male,East,37189.22,64.6,Credit Card,0,51.4,48.36,2556.46,3
1268,46.0,Female,South,72979.71,87.2,PayPal,0,2.2,80.51,140.14,2
1269,42.0,Female,North,72592.15,45.4,Cash,1,1.2,84.85,72.73,1
1270,41.0,Female,South,70763.57,40.9,Credit Card,0,37.6,107.9,4044.08,1
1271,32.0,Male,West,108188.95,53.0,Debit Card,0,27.4,50.78,1440.34,5
1272,,Female,West,,45.6,Credit Card,0,1.7,58.24,47.52,6
1273,,Female,South,,33.3,Credit Card,1,2.6,166.05,353.07,1
1274,68.0,Female,North,64079.1,8.1,PayPal,1,22.8,118.68,2792.6,1
1275,61.0,Male,East,40920.22,37.5,Credit Card,0,10.7,75.0,814.99,0
1276,46.0,Male,East,54748.75,57.7,Cash,0,24.5,126.96,3128.7,3
1277,31.0,Male,North,41361.79,44.3,Debit Card,0,7.7,50.85,383.34,4
1278,27.0,Female,East,112311.51,81.6,Credit Card,1,5.2,71.41,389.96,1
1279,,Female,South,63809.93,50.5,Credit Card,0,58.9,23.62,1330.65,7
1280,44.0,Male,East,49113.39,67.5,Credit Card,1,7.1,84.54,566.6,2
1281,47.0,Female,South,92700.43,52.7,PayPal,0,43.2,68.07,2944.83,4
1282,18.0,Female,South,20398.63,57.4,Debit Card,0,7.0,69.06,392.58,5
1283,53.0,Male,North,21887.12,52.7,Credit Card,0,0.1,105.57,0.0,3
1284,47.0,Male,East,77507.3,70.9,Debit Card,0,0.2,119.41,9.32,2
1285,27.0,Female,North,55670.79,53.4,Debit Card,0,12.7,65.1,814.66,2
1286,35.0,Female,East,60639.44,56.1,PayPal,0,21.7,44.36,940.57,3
1287,,Male,West,,67.4,Credit Card,0,1.9,40.84,37.76,2
1288,42.0,Female,East,53612.89,41.1,Credit Card,0,8.6,33.01,211.0,3
1289,37.0,Female,North,133462.96,61.2,Credit Card,1,10.1,153.48,1555.94,4
1290,40.0,Female,North,,100.0,Credit Card,0,9.9,105.76,1035.02,6
1291,38.0,Female,South,58475.78,45.6,Debit Card,0,28.2,95.93,2650.21,4
1292,43.0,Female,East,44463.58,57.2,Credit Card,1,8.8,61.65,545.02,4
1293,60.0,Female,West,45362.55,76.0,Credit Card,1,15.9,61.5,966.05,1
1294,18.0,Male,South,20782.38,61.3,Credit Card,0,14.5,121.12,1737.8,2
1295,38.0,Female,West,60836.07,53.9,Credit Card,0,8.8,38.95,256.48,4
1296,43.0,Male,North,79258.3,21.0,Cash,1,2.4,66.26,186.33,2
1297,,Female,South,26661.38,60.1,Debit Card,0,6.2,128.76,748.99,3
1298,36.0,Male,North,40229.76,22.1,Credit Card,0,0.1,66.22,9.15,3
1299,18.0,Female,East,32181.3,69.3,Debit Card,0,10.5,103.44,1053.79,1
1300,45.0,Male,North,35087.21,57.5,Credit Card,0,20.6,76.26,1555.41,4
1301,63.0,Male,North,55496.03,76.3,PayPal,0,17.3,25.6,488.97,2
1302,21.0,Male,East,21205.57,36.8,Debit Card,1,37.7,74.91,2845.37,3
1303,52.0,Female,East,71426.32,31.1,Debit Card,1,14.8,81.19,1246.81,2
1304,,Female,North,76056.73,55.7,Cash,1,5.2,72.5,390.22,5
1305,40.0,Male,North,48387.84,53.4,PayPal,0,4.7,47.44,238.81,1
1306,27.0,Female,South,17741.84,41.5,PayPal,0,23.5,72.84,1640.49,3
1307,37.0,Female,South,34600.09,49.5,Credit Card,0,2.1,33.77,58.22,5
1308,58.0,Male,North,94353.71,93.2,Credit Card,0,1.9,65.93,116.27,3
1309,49.0,Female,East,15520.28,60.1,Debit Card,0,57.5,107.01,6202.02,3
1310,64.0,Male,North,,72.7,Debit Card,0,12.1,149.66,1790.64,2
1311,56.0,Male,East,31856.59,66.3,Debit Card,0,11.5,138.54,1603.8,3
1312,47.0,Female,South,77812.44,73.7,PayPal,0,18.3,50.32,929.89,5
1313,64.0,Male,North,39982.56,56.5,Credit Card,0,41.8,41.53,1782.26,2
1314,47.0,Female,North,64976.39,23.6,Credit Card,0,32.5,84.55,2742.53,5
1315,52.0,Female,North,69874.58,50.3,Debit Card,0,12.0,78.97,980.75,1
1316,37.0,Female,North,123785.02,70.3,Credit Card,0,23.9,100.16,2325.63,3
1317,42.0,Female,South,49447.96,34.6,Debit Card,1,12.2,59.53,661.71,2
1318,32.0,Female,West,64165.44,50.5,PayPal,0,40.6,80.0,3156.67,6
1319,54.0,Female,West,27770.37,42.5,Debit Card,0,20.1,78.19,1603.06,2
1320,26.0,Male,South,92566.83,71.0,PayPal,1,16.7,66.88,1143.84,1
1321,51.0,Male,East,38475.27,60.7,Debit Card,0,17.4,37.91,695.51,4
1322,39.0,Female,East,42094.01,59.7,PayPal,0,2.4,106.33,228.1,2
1323,56.0,Male,West,53636.68,68.5,Credit Card,0,41.8,84.8,3522.1,6
1324,51.0,Male,North,26814.61,55.7,PayPal,0,54.5,109.55,5965.63,0
1325,65.0,Male,South,60050.82,54.0,PayPal,0,3.6,121.07,493.6,2
1326,51.0,Female,South,83730.6,23.4,Credit Card,1,0.9,75.32,135.54,3
1327,21.0,Male,North,61809.99,22.0,Debit Card,1,9.8,106.62,1076.63,3
1328,40.0,Male,South,26502.55,51.4,PayPal,0,8.7,151.25,1329.12,7
1329,26.0,Male,West,51240.52,56.3,Credit Card,0,16.6,173.33,2930.69,4
1330,34.0,Male,West,75653.05,72.1,PayPal,0,3.8,89.2,328.73,5
1331,61.0,Female,North,23269.65,75.1,Cash,1,7.2,92.2,648.2,4
1332,49.0,Male,South,33401.47,70.6,PayPal,0,12.6,88.56,1110.7,4
1333,32.0,Female,South,80373.89,36.9,Credit Card,0,1.8,98.63,138.39,1
1334,28.0,Female,South,61178.0,47.8,Debit Card,1,3.7,118.76,432.41,2
1335,41.0,Male,East,210420.67,54.8,Cash,0,25.2,87.77,2167.11,0
1336,25.0,Female,North,125087.99,93.6,Debit Card,0,2.1,168.71,395.29,5
1337,32.0,Female,West,66892.94,79.9,Credit Card,0,55.3,157.77,8746.43,3
1338,45.0,Female,West,72842.12,74.0,Credit Card,0,19.7,81.1,1654.85,1
1339,56.0,Male,East,183475.33,45.4,PayPal,0,35.8,80.89,2830.69,5
1340,49.0,Male,East,49206.84,37.7,Credit Card,0,3.5,64.79,302.83,5
1341,18.0,Female,East,37833.6,66.9,Credit Card,0,7.3,100.94,673.96,4
1342,45.0,Female,South,65677.28,33.8,Credit Card,1,30.1,69.34,2039.2,0
1343,42.0,Female,North,66008.97,47.2,PayPal,0,10.8,63.53,661.29,2
1344,46.0,Female,East,42743.74,50.7,Debit Card,1,72.0,99.98,7250.87,2
1345,62.0,Male,North,34044.42,80.6,PayPal,0,23.9,49.2,1184.9,1
1346,18.0,Female,West,153189.35,51.6,PayPal,0,72.0,119.67,8606.49,3
1347,33.0,Male,South,62760.4,13.8,Cash,1,5.0,101.73,476.94,3
1348,49.0,Female,South,38967.05,55.2,PayPal,0,49.1,154.02,7507.34,2
1349,20.0,Male,South,81811.13,37.1,Credit Card,0,2.8,89.9,297.03,3
1350,60.0,Male,West,51579.76,57.0,Debit Card,0,32.3,108.57,3538.76,5
1351,46.0,Female,North,48349.12,46.6,Credit Card,0,15.5,28.81,500.65,6
1352,,Female,North,,49.7,Cash,0,0.5,114.78,73.26,4
1353,34.0,Female,North,30292.43,63.9,Credit Card,1,0.3,133.62,0.0,1
1354,52.0,Male,East,63492.83,23.4,Debit Card,1,22.5,85.65,1877.34,1
1355,55.0,Male,West,128133.72,52.5,PayPal,0,4.3,64.58,296.29,0
1356,44.0,Female,North,66821.49,65.8,Credit Card,0,3.7,90.79,321.13,2
1357,44.0,Male,West,45738.91,46.7,PayPal,1,51.5,119.61,6137.56,3
1358,45.0,Male,North,43122.61,28.2,Credit Card,1,2.7,126.61,297.72,0
1359,30.0,Female,East,45041.84,60.9,Credit Card,0,9.8,38.04,410.7,2
1360,,Male,North,,73.8,Debit Card,0,6.3,239.81,1529.05,2
1361,39.0,Female,South,45706.1,43.8,Credit Card,0,29.5,63.67,1898.31,2
1362,,Male,East,,20.6,Debit Card,0,37.1,109.39,4033.02,2
1363,54.0,Female,East,100813.39,63.2,Cash,0,10.3,140.36,1452.76,3
1364,27.0,Female,North,79849.59,23.3,Credit Card,1,24.4,77.92,1847.74,3
1365,,Female,West,,60.4,Debit Card,0,3.7,128.83,471.48,4
1366,60.0,Female,West,64191.53,41.4,PayPal,0,43.0,37.92,1529.44,3
1367,31.0,Male,South,32625.69,29.2,PayPal,0,1.0,32.65,0.0,6
1368,30.0,Female,East,98507.11,41.9,Credit Card,0,32.6,130.94,4255.75,1
1369,44.0,Female,West,94895.9,53.7,Cash,1,13.9,123.84,1816.38,7
1370,52.0,Female,North,83434.38,50.1,Credit Card,1,15.2,95.7,1382.61,6
1371,41.0,Female,West,27401.7,63.8,Debit Card,0,28.5,119.78,3363.99,4
1372,58.0,Female,South,78676.87,41.2,Debit Card,0,5.2,159.74,839.32,4
1373,52.0,Female,East,65002.75,70.7,PayPal,0,18.2,142.35,2661.55,4
1374,52.0,Female,North,26307.99,56.5,Credit Card,0,13.2,79.89,1062.63,3
1375,48.0,Male,South,53587.24,41.9,Credit Card,0,16.9,90.42,1556.18,4
1376,71.0,Female,East,63833.95,37.0,PayPal,0,9.1,74.12,660.99,4
1377,38.0,Female,East,69580.1,30.6,Credit Card,1,1.9,70.11,112.78,5
1378,18.0,Male,West,58674.92,62.7,Debit Card,0,39.7,114.48,4548.14,4
1379,62.0,Female,West,61762.65,51.6,PayPal,1,15.5,73.78,1117.26,4
1380,35.0,Female,North,105148.1,18.2,Debit Card,1,8.3,114.37,978.24,4
1381,,Male,North,94062.55,44.1,Credit Card,0,22.7,77.88,1703.63,2
1382,58.0,Female,South,15000.0,33.7,Credit Card,0,4.1,82.81,375.12,3
1383,20.0,Female,South,46964.75,73.3,Cash,0,52.7,56.53,2980.7,3
1384,25.0,Female,South,50307.38,21.5,Credit Card,0,1.9,113.05,206.21,0
1385,20.0,Male,West,24625.94,33.5,Credit Card,0,14.9,37.05,486.33,0
1386,31.0,Female,East,56521.84,65.8,Credit Card,0,54.6,133.15,7230.8,3
1387,,Male,North,95029.34,77.4,Credit Card,0,55.1,198.69,10995.77,7
1388,48.0,Female,South,33224.55,39.5,Cash,0,5.2,84.04,428.66,5
1389,45.0,Male,East,63030.9,38.5,Credit Card,0,1.1,82.44,101.82,4
1390,23.0,Female,South,35878.0,54.2,Credit Card,0,9.8,41.82,374.65,1
1391,18.0,Female,North,40040.21,20.2,Debit Card,0,3.7,65.36,240.67,6
1392,42.0,Female,South,105327.22,23.7,Credit Card,0,10.9,120.35,1256.93,2
1393,35.0,Female,South,42440.1,46.2,Credit Card,0,4.2,127.94,541.34,3
1394,47.0,Female,North,66702.36,73.4,Cash,0,0.6,88.65,68.02,3
1395,50.0,Female,East,23340.65,42.7,PayPal,0,5.3,117.21,634.04,3
1396,43.0,Male,South,125246.98,45.7,Credit Card,0,57.1,57.01,3219.13,3
1397,51.0,Female,East,71053.87,66.2,Credit Card,0,2.4,97.56,220.46,5
1398,44.0,Female,South,49904.93,83.4,Credit Card,1,5.9,148.42,897.17,1
1399,48.0,Female,West,70192.44,43.0,Credit Card,0,9.7,105.81,1017.9,4
1400,32.0,Female,North,28726.67,48.8,Debit Card,1,23.2,158.61,3668.26,5
1401,39.0,Female,North,92239.05,78.8,Debit Card,0,33.3,160.83,5431.78,4
1402,44.0,Female,South,46826.61,25.1,PayPal,0,15.3,100.29,1496.4,6
1403,52.0,Female,South,49422.88,64.3,PayPal,1,54.1,21.56,1209.61,5
1404,36.0,Male,South,43423.45,33.0,Credit Card,0,4.2,126.74,486.12,3
1405,48.0,Female,East,41718.79,55.0,Cash,1,36.6,47.25,1755.54,5
1406,38.0,Female,North,74057.85,45.1,Debit Card,1,11.0,26.5,319.83,4
1407,39.0,Female,North,60788.63,43.2,Credit Card,0,24.2,35.04,827.55,1
1408,52.0,Female,South,72641.14,31.4,PayPal,0,2.3,130.73,251.98,4
1409,18.0,Male,East,53962.38,56.3,Credit Card,0,14.6,100.65,1390.67,5
1410,24.0,Male,West,68250.49,66.9,Debit Card,0,19.1,89.69,1688.47,5
1411,22.0,Female,East,44869.7,48.1,PayPal,0,27.3,104.86,2883.73,6
1412,,Male,East,147765.13,51.8,Credit Card,0,72.0,35.89,2540.97,6
1413,32.0,Male,East,26753.79,62.1,PayPal,1,47.7,73.98,3532.72,1
1414,51.0,Male,East,95551.61,30.6,Credit Card,1,11.3,61.05,630.81,2
1415,37.0,Female,North,100263.64,65.2,PayPal,0,7.3,86.69,623.48,8
1416,44.0,Male,East,36920.73,59.0,Credit Card,0,8.9,88.03,737.59,4
1417,55.0,Male,East,147734.66,90.6,Credit Card,0,65.0,102.91,6686.03,6
1418,58.0,Male,South,84793.2,43.7,Credit Card,1,4.3,109.76,451.92,3
1419,40.0,Male,East,,47.0,PayPal,0,72.0,36.58,2586.15,3
1420,59.0,Male,South,54863.85,56.9,Credit Card,0,24.3,74.42,1782.05,8
1421,42.0,Female,South,,62.1,PayPal,1,8.2,81.69,632.49,3
1422,30.0,Female,North,49304.27,50.1,Credit Card,1,39.1,46.7,1773.41,1
1423,33.0,Male,East,64585.08,39.1,Debit Card,1,6.9,44.73,351.95,3
1424,22.0,Female,West,101776.43,65.9,Credit Card,0,23.3,35.12,803.89,2
1425,29.0,Male,North,58782.03,44.5,Credit Card,0,10.3,42.21,346.67,4
1426,36.0,Male,South,35948.78,40.0,Cash,0,13.3,116.9,1529.84,0
1427,51.0,Female,North,78510.86,51.7,Credit Card,0,25.5,38.98,1030.58,11
1428,63.0,Female,North,82003.55,71.7,Debit Card,1,19.2,41.6,768.27,4
1429,23.0,Female,West,72736.37,43.3,Debit Card,0,0.4,85.14,93.97,4
1430,46.0,Male,South,75771.27,18.9,Debit Card,0,8.9,97.38,832.42,5
1431,27.0,Male,South,47958.07,18.2,Debit Card,1,12.2,80.59,1003.33,6
1432,47.0,Male,North,35666.06,37.2,PayPal,1,3.7,50.49,228.28,8
1433,39.0,Male,West,36655.29,34.4,Debit Card,1,19.2,45.13,884.5,1
1434,18.0,Female,North,25952.98,49.6,Debit Card,1,10.2,84.11,802.94,4
1435,53.0,Male,East,60272.24,32.5,Debit Card,0,23.4,76.78,1758.95,2
1436,33.0,Female,South,52179.66,39.5,Debit Card,0,0.1,68.52,53.65,1
1437,34.0,Female,North,44444.9,49.3,Credit Card,0,52.8,114.61,6019.22,3
1438,,Female,East,15000.0,38.9,Debit Card,1,5.8,74.62,471.82,8
1439,32.0,Male,North,30906.05,74.7,Credit Card,1,9.4,43.53,391.97,3
1440,47.0,Female,East,89713.66,56.6,PayPal,0,10.0,68.69,692.56,3
1441,39.0,Male,North,206837.19,57.3,Cash,0,5.6,102.2,516.88,3
1442,45.0,Female,East,63720.8,40.3,Cash,0,10.0,72.68,702.47,0
1443,46.0,Female,East,28975.08,41.5,PayPal,0,10.8,101.41,1060.22,2
1444,58.0,Female,East,103509.37,53.1,Debit Card,1,0.1,110.25,20.05,4
1445,37.0,Female,North,50776.43,62.6,PayPal,0,8.0,74.73,601.57,4
1446,22.0,Female,East,61729.56,37.4,Credit Card,0,0.7,80.43,74.81,1
1447,55.0,Female,West,154291.8,58.0,Debit Card,0,21.7,70.71,1514.79,6
1448,37.0,Female,North,107194.27,23.5,Credit Card,0,19.4,102.39,1949.16,4
1449,55.0,Female,North,47195.11,53.2,Credit Card,0,16.3,69.77,1144.56,1
1450,46.0,Male,West,41483.5,69.6,Cash,1,12.6,98.01,1193.74,1
1451,39.0,Female,North,46793.74,49.6,PayPal,0,14.2,88.67,1302.25,3
1452,46.0,Female,East,68149.17,80.7,Debit Card,0,40.6,34.96,1414.8,5
1453,66.0,Female,East,51670.85,34.7,Credit Card,0,4.2,100.37,408.51,7
1454,68.0,Male,North,45348.85,52.5,Debit Card,1,15.9,85.13,1372.05,5
1455,42.0,Female,East,104844.29,49.4,Credit Card,1,72.0,135.53,9755.11,8
1456,43.0,Male,East,51462.34,52.4,PayPal,1,10.8,47.61,447.87,2
1457,,Female,South,,45.8,Cash,1,4.4,89.29,350.42,8
1458,30.0,Male,West,56434.4,57.0,Credit Card,1,8.0,65.57,566.87,2
1459,45.0,Male,North,120981.54,64.1,Credit Card,0,9.1,36.49,335.41,5
1460,41.0,Male,South,63627.04,73.0,Credit Card,0,9.8,32.35,249.77,3
1461,45.0,Male,West,,52.9,Credit Card,0,2.7,147.82,413.2,3
1462,30.0,Male,North,39101.85,64.0,Credit Card,0,13.0,89.42,1140.09,5
1463,20.0,Female,West,36894.15,47.2,Credit Card,1,19.8,73.65,1423.29,4
1464,18.0,Male,North,66627.17,59.9,Credit Card,1,2.1,40.46,39.17,6
1465,26.0,Female,South,84528.92,39.4,Credit Card,0,3.7,143.84,572.21,7
1466,35.0,Male,North,55166.74,72.3,Credit Card,0,8.1,58.4,394.42,2
1467,37.0,Female,East,30367.34,85.9,PayPal,1,18.9,91.25,1691.12,3
1468,66.0,Female,West,29374.54,55.9,Credit Card,1,4.2,83.69,356.3,2
1469,55.0,Male,West,28503.68,22.6,PayPal,1,7.9,174.32,1440.26,3
1470,28.0,Female,West,,44.6,Credit Card,0,29.3,79.59,2354.14,6
1471,46.0,Female,East,56912.39,68.1,Credit Card,0,50.1,63.82,3163.54,4
1472,36.0,Female,East,89883.51,55.4,Credit Card,1,6.4,90.01,637.24,2
1473,37.0,Male,South,,52.2,PayPal,0,4.0,94.24,322.76,4
1474,43.0,Male,West,19590.76,73.5,Credit Card,0,7.3,229.72,1687.57,1
1475,49.0,Female,East,49719.76,61.7,Debit Card,0,18.5,79.01,1481.2,3
1476,37.0,Male,West,50349.32,75.4,Credit Card,0,1.6,46.95,39.88,2
1477,55.0,Female,North,139134.93,70.6,Cash,0,0.6,68.53,69.02,4
1478,26.0,Male,South,28121.45,68.9,Credit Card,1,71.8,89.92,6435.7,2
1479,,Female,East,45442.14,54.0,Credit Card,0,1.0,97.07,124.88,5
1480,75.0,Male,North,116731.73,69.0,PayPal,0,16.6,38.97,573.32,2
1481,44.0,Male,North,66336.15,48.2,Credit Card,0,34.2,65.05,2238.11,10
1482,60.0,Female,West,69807.09,47.8,Credit Card,1,8.8,169.59,1475.91,3
1483,42.0,Female,South,57043.13,69.4,PayPal,0,0.3,53.61,62.07,4
1484,49.0,Female,North,62848.01,54.6,Credit Card,0,20.8,115.8,2406.88,2
1485,40.0,Female,South,76874.1,61.0,Credit Card,0,2.3,69.52,209.87,5
1486,39.0,Male,South,37636.56,51.6,Credit Card,0,3.1,81.02,271.47,3
1487,31.0,Male,East,80428.7,38.2,Credit Card,0,13.1,40.92,530.95,6
1488,47.0,Male,West,29206.56,58.2,Cash,0,13.3,72.43,994.83,4
1489,30.0,Female,West,62803.47,75.9,Debit Card,1,56.9,89.44,5120.9,4
1490,,Male,East,,58.3,Debit Card,1,1.1,79.44,106.26,7
1491,55.0,Female,East,41055.01,28.6,Credit Card,0,9.1,74.38,585.17,3
1492,46.0,Male,South,53626.12,46.2,Debit Card,1,49.9,102.62,5081.44,3
1493,37.0,Male,West,40939.76,85.1,Debit Card,0,2.0,45.07,145.5,1
1494,47.0,Male,North,33447.57,56.5,Credit Card,0,29.8,91.26,2669.31,1
1495,37.0,Male,North,46206.39,24.9,PayPal,1,2.5,31.4,113.8,4
1496,53.0,Male,West,32965.11,81.4,Debit Card,0,11.2,130.06,1484.93,3
1497,,Female,West,,64.0,PayPal,0,19.4,75.46,1434.89,1
1498,37.0,Male,South,32288.34,45.1,Credit Card,0,4.8,112.39,459.66,3
1499,18.0,Female,East,74636.85,37.3,Credit Card,0,4.2,24.14,78.63,2
1500,22.0,Female,South,31835.41,62.6,PayPal,1,13.3,105.45,1485.61,4
1501,59.0,Female,South,41989.18,37.3,PayPal,0,6.1,57.54,316.46,2
1502,53.0,Female,South,40901.76,66.6,Credit Card,0,30.9,81.25,2478.85,9
1503,32.0,Male,North,98352.77,63.2,Credit Card,0,20.1,106.19,2094.52,2
1504,21.0,Male,East,62857.81,51.9,PayPal,1,0.3,78.04,72.0,4
1505,18.0,Male,South,49252.72,51.0,Credit Card,0,5.1,100.71,503.9,3
1506,34.0,Female,South,67807.21,46.6,Credit Card,0,7.8,69.96,520.65,1
1507,72.0,Female,North,20989.2,67.4,Debit Card,0,4.1,134.64,608.56,3
1508,47.0,Male,West,53134.93,41.5,Credit Card,0,32.3,75.37,2457.63,5
1509,34.0,Male,East,133103.38,19.0,Credit Card,0,52.6,76.02,3961.88,2
1510,47.0,Female,West,57500.9,61.9,Credit Card,0,2.2,76.63,119.64,2
1511,21.0,Female,North,55857.6,61.3,Cash,0,7.2,80.29,624.41,6
1512,37.0,Female,East,,57.4,Credit Card,0,1.8,45.97,83.42,2
1513,42.0,Female,West,81066.28,59.3,Debit Card,1,3.4,52.9,117.9,2
1514,40.0,Female,South,22051.59,40.7,Cash,0,36.1,119.67,4248.76,4
1515,51.0,Female,North,25411.4,62.1,Debit Card,0,5.2,112.36,539.63,5
1516,45.0,Male,North,59553.54,53.8,Debit Card,0,20.7,109.23,2211.48,1
1517,50.0,Male,North,39273.51,48.0,Debit Card,0,8.7,96.76,759.97,6
1518,32.0,Female,South,97773.75,43.5,Credit Card,0,41.1,64.41,2603.27,3
1519,53.0,Female,South,,77.3,Debit Card,0,2.2,61.66,98.89,3
1520,62.0,Male,North,22685.04,23.4,Cash,0,6.2,78.85,470.36,2
1521,28.0,Female,East,30619.54,55.6,PayPal,0,11.4,127.85,1525.21,6
1522,29.0,Male,North,15719.32,27.6,Credit Card,0,6.4,87.26,547.79,3
1523,58.0,Female,South,48758.92,44.2,Credit Card,0,17.3,51.82,889.78,3
1524,39.0,Male,East,49772.96,43.7,PayPal,1,4.8,42.15,222.69,5
1525,59.0,Female,North,44756.49,27.0,Credit Card,1,26.0,113.9,2951.91,3
1526,35.0,Female,North,88035.51,62.2,PayPal,1,5.0,145.59,743.96,0
1527,60.0,Male,North,92905.11,45.3,Credit Card,0,55.3,38.21,2124.24,1
1528,43.0,Male,North,50177.66,24.5,PayPal,0,24.2,115.57,2801.7,4
1529,44.0,Female,South,20731.05,61.5,PayPal,0,19.2,95.78,1949.63,5
1530,61.0,Male,North,71523.17,73.1,Debit Card,0,6.3,56.73,393.84,3
1531,36.0,Male,North,69557.71,78.9,Credit Card,0,0.9,87.76,35.72,4
1532,29.0,Female,West,247503.85,60.9,PayPal,0,9.2,48.42,460.27,4
1533,35.0,Male,West,84260.28,52.5,Credit Card,1,5.4,72.93,362.15,4
1534,,Male,North,32074.84,75.3,Credit Card,0,0.6,80.7,66.27,3
1535,,Male,South,,72.9,Debit Card,1,17.6,134.07,2304.62,9
1536,49.0,Female,South,35180.86,63.3,Credit Card,0,29.1,71.44,2034.59,2
1537,34.0,Male,West,,41.8,Debit Card,0,7.1,59.33,435.0,4
1538,,Male,West,,56.8,Credit Card,0,0.9,92.68,123.32,3
1539,18.0,Male,North,35645.6,62.4,Credit Card,0,0.5,101.87,71.04,1
1540,31.0,Male,North,107190.82,26.8,PayPal,1,72.0,58.43,4241.12,4
1541,19.0,Male,South,48174.98,54.5,Credit Card,1,45.7,51.01,2346.11,7
1542,30.0,Male,West,79060.22,91.2,Debit Card,1,2.9,52.79,159.99,2
1543,44.0,Male,West,323273.63,62.1,Debit Card,1,22.1,134.27,2947.22,1
1544,39.0,Male,North,51677.04,73.4,PayPal,0,5.5,99.95,582.25,1
1545,,Female,East,,46.1,Debit Card,0,0.3,69.46,61.83,4
1546,39.0,Male,North,48703.37,54.6,PayPal,1,12.5,124.36,1551.98,2
1547,44.0,Male,East,24310.6,52.1,Credit Card,0,6.0,58.25,344.82,7
1548,28.0,Female,West,37742.5,44.2,Credit Card,1,4.2,77.53,389.28,4
1549,50.0,Female,South,69427.36,33.6,Cash,1,7.8,48.09,374.29,2
1550,50.0,Female,North,64729.94,74.8,PayPal,0,3.8,121.99,466.59,2
1551,46.0,Male,East,26764.29,67.0,Debit Card,0,3.9,56.32,239.02,3
1552,48.0,Male,South,39106.57,31.9,Debit Card,0,4.2,56.84,234.82,4
1553,45.0,Male,West,41698.71,75.5,Debit Card,0,1.9,93.57,144.97,6
1554,67.0,Male,South,45960.55,50.8,Credit Card,0,0.6,30.36,33.33,2
1555,,Male,West,29168.33,64.1,PayPal,0,9.6,43.92,420.08,8
1556,37.0,Female,North,40832.48,61.9,PayPal,0,19.0,107.71,2120.18,3
1557,31.0,Male,North,39031.54,65.9,Debit Card,0,0.5,52.47,57.77,2
1558,28.0,Female,South,76664.19,50.4,Credit Card,0,19.3,200.18,3839.65,1
1559,25.0,Male,North,77971.96,74.7,Credit Card,0,11.1,85.81,981.65,3
1560,29.0,Male,South,50735.71,53.3,Credit Card,1,0.0,37.17,12.31,6
1561,40.0,Female,East,45414.29,57.5,PayPal,0,2.1,26.77,108.59,3
1562,45.0,Female,North,57697.32,41.0,Debit Card,0,3.0,148.88,425.66,1
1563,42.0,Male,North,37516.69,86.9,Credit Card,0,3.8,85.77,333.47,4
1564,31.0,Female,North,32335.65,61.7,Debit Card,0,13.6,73.73,998.76,6
1565,53.0,Male,North,35486.25,66.2,Cash,0,3.6,85.63,310.61,6
1566,51.0,Male,West,40714.28,30.2,Credit Card,0,7.5,37.06,242.54,2
1567,,Female,West,32094.4,39.7,Debit Card,0,46.0,78.61,3639.1,2
1568,33.0,Male,North,58274.9,77.5,Debit Card,0,72.0,53.99,3904.0,3
1569,48.0,Male,East,75235.02,61.8,Credit Card,0,13.0,76.56,1046.69,2
1570,43.0,Male,East,26524.01,22.6,Debit Card,0,4.0,65.13,260.12,1
1571,22.0,Male,West,54792.46,67.6,Debit Card,0,4.4,83.75,352.03,2
1572,40.0,Male,South,49071.26,36.5,Credit Card,0,8.9,69.44,649.59,3
1573,44.0,Male,South,,69.7,Credit Card,0,8.5,63.39,507.05,3
1574,29.0,Female,South,53861.84,49.7,PayPal,0,4.8,51.57,290.94,5
1575,43.0,Female,West,28166.27,55.5,Credit Card,0,39.6,37.7,1536.23,4
1576,22.0,Male,East,30697.14,67.3,Debit Card,0,10.6,34.7,418.11,4
1577,58.0,Male,South,54898.46,34.1,Debit Card,0,11.0,44.52,504.78,4
1578,57.0,Female,North,86073.03,41.7,PayPal,0,67.8,104.11,7039.2,4
1579,38.0,Male,East,20002.56,46.1,PayPal,0,17.4,50.38,880.98,1
1580,46.0,Female,West,63295.97,3.3,PayPal,1,32.4,59.06,1928.75,4
1581,18.0,Female,South,92533.86,28.9,Debit Card,1,10.6,59.3,606.17,4
1582,26.0,Male,East,50571.24,28.4,Credit Card,0,40.2,65.57,2689.24,2
1583,37.0,Male,South,,59.2,Credit Card,0,4.8,96.4,485.92,4
1584,27.0,Male,South,39482.74,39.2,Credit Card,1,0.2,69.15,0.0,3
1585,50.0,Male,East,51343.07,42.7,Credit Card,0,30.0,112.6,3453.31,4
1586,67.0,Male,East,26123.46,19.6,Credit Card,0,5.3,44.73,240.96,5
1587,26.0,Female,West,18864.66,48.9,Credit Card,1,16.5,107.45,1729.16,7
1588,30.0,Male,South,82805.07,48.1,Credit Card,0,12.6,140.94,1742.63,4
1589,44.0,Female,South,34778.42,62.5,Credit Card,0,2.6,78.18,262.78,6
1590,62.0,Female,South,44135.18,39.9,Credit Card,0,4.8,48.89,307.67,4
1591,25.0,Male,North,29030.46,75.7,PayPal,0,59.7,97.22,5844.41,2
1592,44.0,Male,South,28724.73,35.0,Debit Card,0,55.7,78.77,4440.26,2
1593,65.0,Male,North,50099.84,44.3,PayPal,0,12.4,89.93,1163.8,3
1594,20.0,Female,South,39014.56,68.4,Debit Card,0,6.1,114.03,717.86,3
1595,24.0,Male,North,64221.09,59.5,PayPal,0,19.4,66.91,1311.22,1
1596,35.0,Female,South,66412.61,38.1,PayPal,0,33.8,62.51,2134.43,4
1597,34.0,Female,West,62591.35,50.7,Credit Card,1,53.3,218.62,11681.89,8
1598,,Female,North,60317.07,74.5,Cash,0,4.3,97.77,390.75,3
1599,44.0,Female,East,110193.78,72.5,Credit Card,0,5.1,122.77,655.41,2
1600,,Female,West,,46.5,Debit Card,0,1.5,111.14,225.05,2
1601,48.0,Female,East,,50.6,PayPal,0,0.4,123.45,41.13,3
1602,33.0,Female,North,90193.3,56.8,Credit Card,0,6.2,91.25,553.22,1
1603,58.0,Female,South,95706.64,33.2,Debit Card,0,1.5,116.88,194.38,3
1604,33.0,Female,East,28572.68,48.6,Credit Card,0,20.7,59.22,1199.87,2
1605,,Female,South,,45.0,Credit Card,1,7.6,37.34,231.11,3
1606,48.0,Male,North,99823.06,72.0,Credit Card,1,4.3,53.06,274.07,6
1607,51.0,Female,South,68093.4,64.1,Credit Card,0,15.3,73.92,1112.94,5
1608,47.0,Female,East,59152.16,50.2,Credit Card,0,15.4,69.85,1076.43,4
1609,19.0,Female,North,49121.0,54.8,Debit Card,0,5.6,78.97,417.83,1
1610,48.0,Male,East,45582.98,61.9,Debit Card,0,18.1,57.78,1096.89,3
1611,28.0,Female,North,61678.99,46.3,Debit Card,0,51.8,31.79,1680.85,1
1612,44.0,Female,South,48360.16,55.5,Debit Card,1,38.4,66.12,2529.38,2
1613,22.0,Female,West,53148.21,50.9,Credit Card,1,1.4,42.49,12.29,6
1614,47.0,Male,North,56126.84,38.9,Credit Card,0,8.0,77.53,606.36,2
1615,31.0,Female,East,39929.39,35.9,PayPal,1,24.3,93.12,2285.62,3
1616,24.0,Female,South,,69.4,Cash,1,32.9,65.58,2165.13,1
1617,50.0,Female,South,201070.34,46.1,Credit Card,0,5.4,47.66,261.73,1
1618,44.0,Female,West,24351.68,83.4,Credit Card,1,31.4,80.69,2542.13,6
1619,33.0,Female,South,62680.5,37.2,PayPal,0,14.7,224.34,3328.15,3
1620,60.0,Female,North,38480.79,56.4,PayPal,0,39.0,97.75,3810.58,1
1621,35.0,Male,West,70251.09,96.3,Credit Card,0,15.0,100.91,1531.65,2
1622,41.0,Female,East,,36.4,Credit Card,0,39.7,62.74,2451.3,7
1623,44.0,Male,East,76331.02,20.3,Credit Card,0,2.9,54.7,260.78,4
1624,33.0,Female,North,91947.95,73.0,Debit Card,1,65.9,123.57,8131.91,1
1625,47.0,Female,North,59076.56,41.3,Cash,0,1.1,27.87,38.8,3
1626,34.0,Male,East,90167.43,49.8,Debit Card,0,28.4,57.03,1642.31,4
1627,36.0,Male,North,18865.04,46.6,Credit Card,0,2.0,155.25,294.07,3
1628,59.0,Male,North,110824.54,65.6,Debit Card,0,43.0,75.53,3248.1,2
1629,27.0,Female,East,64137.08,36.3,PayPal,0,2.0,39.17,78.17,3
1630,18.0,Female,South,87994.49,46.3,Debit Card,0,17.2,94.31,1585.57,4
1631,62.0,Male,North,31290.07,55.6,PayPal,1,12.2,65.76,819.82,2
1632,74.0,Female,North,37277.81,37.4,Credit Card,0,4.6,35.77,98.57,4
1633,36.0,Male,South,57853.67,40.2,Credit Card,0,37.5,86.72,3322.11,3
1634,18.0,Female,East,53762.58,46.0,Debit Card,0,11.7,81.26,982.46,1
1635,37.0,Male,West,61536.2,21.4,Debit Card,0,16.9,79.27,1365.23,5
1636,37.0,Male,North,88259.08,49.7,Cash,1,6.0,97.15,513.43,2
1637,39.0,Male,North,24480.96,61.6,Debit Card,0,50.0,46.4,2288.3,6
1638,27.0,Female,East,83970.31,38.0,Credit Card,0,18.8,90.48,1756.6,3
1639,49.0,Male,South,54378.65,47.5,Credit Card,0,10.0,83.77,1003.75,3
1640,48.0,Female,South,,87.7,Debit Card,1,18.8,122.43,2349.47,2
1641,22.0,Male,West,27945.13,49.0,Credit Card,0,23.8,56.72,1391.41,7
1642,,Male,East,,60.4,PayPal,0,4.2,131.96,575.23,3
1643,68.0,Male,South,18281.62,61.5,Credit Card,0,27.5,110.3,2999.35,3
1644,43.0,Male,West,72531.58,50.3,Credit Card,0,4.1,74.27,344.31,8
1645,37.0,Female,North,27682.41,64.8,Debit Card,0,18.6,79.25,1430.0,2
1646,39.0,Male,West,55495.44,53.5,Credit Card,0,4.0,28.65,66.18,4
1647,,Female,South,51347.63,54.3,Debit Card,0,3.8,78.3,246.6,3
1648,19.0,Male,South,91701.33,69.3,Debit Card,1,13.5,106.97,1483.12,3
1649,43.0,Male,West,49991.35,58.0,Debit Card,0,6.1,69.44,421.29,4
1650,36.0,Male,South,39641.73,22.5,PayPal,1,0.5,122.29,65.18,5
1651,,Male,South,43132.36,59.0,PayPal,0,29.3,95.01,2783.18,1
1652,39.0,Female,North,,75.9,PayPal,0,72.0,176.68,12675.93,7
1653,,Female,East,68963.57,40.7,Credit Card,0,22.7,58.39,1298.62,5
1654,27.0,Male,East,45545.47,60.4,Credit Card,0,48.7,102.53,4968.39,2
1655,49.0,Female,North,48708.03,41.1,PayPal,0,24.9,42.98,1013.99,2
1656,45.0,Female,East,26762.86,22.9,Debit Card,0,72.0,72.15,5174.63,3
1657,30.0,Female,East,64525.35,52.2,Debit Card,0,10.4,97.43,970.02,3
1658,43.0,Female,South,24540.57,21.9,Debit Card,1,13.9,105.3,1486.78,7
1659,57.0,Female,North,75986.31,46.1,PayPal,0,8.5,67.18,597.47,5
1660,37.0,Female,South,57404.6,68.6,Credit Card,1,62.8,128.16,7996.7,4
1661,19.0,Female,North,158598.05,27.2,Debit Card,0,12.7,140.51,1772.61,2
1662,41.0,Female,North,33022.32,33.2,Credit Card,0,41.1,58.67,2485.58,1
1663,29.0,Female,South,51730.46,31.0,Credit Card,0,2.1,73.12,114.32,4
1664,37.0,Male,North,121689.68,47.3,Debit Card,1,5.7,69.9,415.5,3
1665,40.0,Female,North,92607.49,47.5,Debit Card,0,16.0,62.72,1007.74,4
1666,19.0,Female,East,39604.76,71.0,Credit Card,0,7.9,136.57,1122.62,3
1667,20.0,Male,South,59921.18,61.8,PayPal,0,5.9,135.86,813.39,3
1668,47.0,Female,West,54225.13,64.5,PayPal,0,8.8,70.91,606.76,6
1669,34.0,Female,West,61505.39,58.9,Debit Card,0,4.2,102.31,432.37,3
1670,18.0,Male,East,39560.79,55.1,Cash,0,34.1,121.66,4151.86,3
1671,51.0,Female,West,52041.97,44.0,Credit Card,1,6.8,87.22,589.43,3
1672,,Female,West,,71.9,PayPal,0,18.4,68.63,1210.03,2
1673,32.0,Female,South,57572.8,30.0,Credit Card,0,2.9,56.93,214.82,1
1674,24.0,Male,East,66337.41,63.5,Credit Card,0,31.6,106.56,3409.95,4
1675,52.0,Male,North,48906.29,71.2,Credit Card,0,6.1,44.43,229.26,3
1676,46.0,Female,East,26192.47,0.1,Credit Card,0,8.9,69.42,605.81,2
1677,72.0,Male,South,84528.1,46.0,Debit Card,0,31.5,64.42,2020.23,2
1678,,Male,North,,58.3,Credit Card,0,4.9,43.31,165.96,4
1679,46.0,Male,North,39077.15,12.3,Debit Card,0,32.9,75.59,2412.24,5
1680,39.0,Male,West,47749.78,60.6,Credit Card,0,5.8,72.45,393.39,2
1681,52.0,Female,South,27575.94,44.4,Credit Card,1,7.8,52.07,391.89,4
1682,49.0,Female,North,34151.62,52.2,Cash,0,40.7,134.25,5406.33,5
1683,57.0,Female,North,42530.85,63.1,Debit Card,0,2.5,106.88,274.28,2
1684,34.0,Female,South,94163.64,41.0,Cash,0,8.4,79.79,716.75,1
1685,35.0,Male,West,40628.44,40.0,Debit Card,0,7.7,114.01,911.56,3
1686,35.0,Male,East,72265.07,48.6,Credit Card,0,18.6,125.87,2336.11,2
1687,51.0,Male,South,42521.19,50.5,Debit Card,1,14.4,136.97,1898.75,5
1688,60.0,Male,North,60571.3,54.1,Debit Card,0,14.5,58.25,873.25,2
1689,35.0,Male,North,50836.61,62.1,Credit Card,0,17.1,113.99,1955.08,4
1690,35.0,Male,South,80247.87,61.5,PayPal,0,21.7,72.58,1591.96,3
1691,45.0,Male,West,42588.3,37.1,Debit Card,1,64.3,85.94,5603.39,2
1692,38.0,Male,East,26698.49,49.6,PayPal,0,28.1,59.48,1638.4,1
1693,53.0,Female,South,29089.22,61.1,Debit Card,1,6.7,78.2,408.95,5
1694,18.0,Female,East,42644.57,28.6,Debit Card,1,4.1,114.72,428.21,2
1695,30.0,Female,South,30881.82,53.8,Credit Card,0,10.9,152.49,1681.58,3
1696,31.0,Female,East,65159.63,43.0,Cash,1,18.2,74.97,1365.53,6
1697,,Female,South,,38.7,Credit Card,0,22.4,52.77,1133.42,4
1698,28.0,Male,East,,41.8,Credit Card,0,12.1,162.77,1912.73,1
1699,29.0,Female,South,24785.86,43.4,Credit Card,0,13.0,57.3,730.72,3
1700,38.0,Male,West,59375.38,82.8,Debit Card,0,9.0,37.67,289.19,3
1701,55.0,Male,South,32611.53,32.3,Cash,0,8.1,61.48,518.81,5
1702,38.0,Male,North,43389.35,8.0,PayPal,0,18.8,29.58,539.65,1
1703,28.0,Male,North,57736.15,41.1,PayPal,1,9.3,123.14,1120.12,6
1704,40.0,Male,South,19026.4,73.6,Cash,0,12.8,34.87,416.0,5
1705,55.0,Female,East,60268.92,41.9,PayPal,0,35.4,55.72,1983.01,3
1706,28.0,Female,East,127555.69,47.8,Credit Card,0,57.1,47.25,2699.68,2
1707,29.0,Female,East,44176.7,38.5,Debit Card,0,0.3,82.51,32.83,2
1708,48.0,Female,North,60895.44,39.0,Credit Card,0,14.7,152.52,2249.25,1
1709,38.0,Female,East,85923.68,49.9,Credit Card,0,5.9,95.78,562.21,3
1710,,Male,East,,88.7,Credit Card,0,21.2,44.14,894.44,1
1711,41.0,Female,South,41712.99,68.0,Credit Card,0,1.2,188.72,197.25,1
1712,50.0,Female,South,19456.15,31.2,Cash,0,15.0,90.92,1348.01,0
1713,28.0,Male,North,72290.34,64.4,Cash,0,3.7,117.65,517.91,1
1714,41.0,Male,South,51486.46,37.5,Credit Card,1,14.5,40.38,531.56,2
1715,,Female,West,34347.77,30.7,PayPal,0,1.1,173.89,174.52,7
1716,25.0,Female,West,57352.32,71.8,Credit Card,0,9.9,66.64,663.67,3
1717,21.0,Male,East,41661.96,65.0,Credit Card,0,0.8,39.07,19.12,4
1718,50.0,Female,South,42710.85,65.3,Credit Card,0,12.0,86.74,1083.84,2
1719,36.0,Male,East,71170.31,33.6,Credit Card,0,44.7,117.63,5245.72,2
1720,28.0,Male,East,29665.14,48.6,Credit Card,0,4.4,102.08,439.77,1
1721,40.0,Male,South,86793.92,65.9,Credit Card,1,5.2,101.29,559.29,2
1722,56.0,Male,West,28883.95,57.4,Credit Card,0,20.5,98.14,2084.3,3
1723,18.0,Female,North,40206.52,47.4,Credit Card,0,42.3,83.4,3584.12,4
1724,22.0,Male,North,128711.12,29.7,Cash,1,20.7,40.32,829.16,5
1725,29.0,Female,North,89977.03,54.3,Credit Card,0,27.3,72.12,1966.9,1
1726,60.0,Male,North,56608.92,73.3,Credit Card,0,1.0,67.95,69.82,3
1727,45.0,Female,West,151198.75,39.4,Debit Card,0,8.4,137.22,1158.53,2
1728,51.0,Female,South,42694.59,57.1,Credit Card,0,5.7,123.22,668.46,1
1729,26.0,Female,North,55992.55,61.4,Debit Card,0,0.6,64.21,75.99,4
1730,26.0,Female,South,,58.4,Credit Card,0,26.2,109.47,2876.38,2
1731,47.0,Female,South,52005.67,69.6,Debit Card,0,24.4,76.54,1865.78,4
1732,42.0,Female,South,53429.88,37.1,Debit Card,0,1.1,37.73,0.0,5
1733,48.0,Female,North,49194.21,30.3,Debit Card,0,49.3,28.76,1420.36,3
1734,39.0,Female,East,28313.94,36.9,Debit Card,0,6.5,103.79,598.91,3
1735,45.0,Male,North,42940.48,65.7,Credit Card,0,20.3,49.67,985.04,1
1736,43.0,Male,East,81763.06,45.3,Credit Card,0,15.1,49.58,726.13,4
1737,51.0,Male,North,29267.99,39.6,Credit Card,0,21.8,57.96,1275.01,7
1738,51.0,Male,East,49746.73,16.2,Debit Card,0,1.6,104.79,242.86,3
1739,20.0,Male,West,37463.06,82.4,Credit Card,0,15.7,123.97,1969.21,3
1740,18.0,Male,North,56960.18,70.5,Credit Card,0,7.3,122.79,954.3,3
1741,,Female,North,45483.96,65.6,Debit Card,1,1.3,36.03,72.65,4
1742,56.0,Male,West,105327.22,69.5,Credit Card,1,2.8,56.93,204.41,2
1743,28.0,Female,South,68047.58,50.1,Credit Card,0,12.4,53.15,733.35,4
1744,18.0,Male,East,30022.09,47.7,Debit Card,0,10.2,104.76,1039.28,5
1745,42.0,Female,North,73280.7,53.5,Credit Card,0,11.3,57.31,615.72,3
1746,53.0,Male,North,38231.18,42.3,PayPal,0,6.4,74.19,501.57,2
1747,64.0,Male,South,41787.46,89.9,Cash,0,17.7,108.91,1927.56,3
1748,48.0,Male,West,62393.64,66.6,Cash,0,1.3,80.36,113.28,3
1749,36.0,Female,North,43421.66,50.4,Credit Card,0,5.3,90.76,471.08,3
1750,29.0,Male,East,80966.04,58.8,Credit Card,0,18.2,73.04,1305.48,3
1751,41.0,Female,East,38233.62,36.8,Debit Card,0,49.0,118.29,5861.04,4
1752,37.0,Male,North,41006.02,78.2,Debit Card,0,10.0,123.52,1191.21,6
1753,28.0,Female,South,40321.22,39.7,Debit Card,0,9.4,98.12,949.78,4
1754,68.0,Male,North,42001.58,56.0,Credit Card,1,3.6,123.74,466.43,5
1755,64.0,Female,South,88843.9,58.5,Credit Card,0,32.6,217.54,7028.64,3
1756,,Male,East,,53.6,Credit Card,0,11.8,108.09,1242.23,3
1757,29.0,Male,South,116946.84,48.0,Credit Card,0,17.3,77.64,1316.66,5
1758,52.0,Male,North,,100.0,Credit Card,0,4.0,91.67,389.26,2
1759,49.0,Male,East,34070.16,50.2,Cash,0,11.6,129.32,1485.43,3
1760,47.0,Male,East,55920.63,44.7,Credit Card,0,5.2,66.3,341.34,1
1761,57.0,Female,South,31911.12,43.7,Debit Card,1,33.2,64.05,2068.15,4
1762,49.0,Male,East,38180.39,69.6,Cash,0,10.0,91.0,1003.04,3
1763,51.0,Male,North,40801.04,53.1,Credit Card,0,18.6,77.03,1435.61,1
1764,49.0,Female,East,33667.23,35.7,Debit Card,0,24.0,52.93,1290.28,2
1765,45.0,Male,South,33747.13,38.7,Debit Card,1,0.1,85.01,0.0,2
1766,18.0,Male,South,50770.56,64.5,Credit Card,0,8.4,141.17,1159.72,4
1767,42.0,Female,North,31334.55,53.9,Debit Card,1,9.8,96.7,1024.17,5
1768,34.0,Female,East,,65.6,PayPal,0,18.3,48.61,812.89,2
1769,24.0,Female,East,35846.85,47.8,PayPal,0,4.8,103.39,507.42,6
1770,,Male,South,191818.72,53.8,PayPal,1,8.4,70.42,543.07,1
1771,63.0,Female,West,44217.55,52.1,Cash,0,12.6,183.81,2299.81,3
1772,,Male,West,55960.87,51.1,Credit Card,0,15.6,99.84,1531.98,2
1773,44.0,Female,North,30245.31,68.9,PayPal,1,38.4,61.29,2314.1,3
1774,59.0,Female,East,116744.29,61.6,Debit Card,0,9.5,106.78,1015.83,2
1775,41.0,Female,South,89659.58,37.3,Debit Card,0,2.3,87.62,98.8,5
1776,44.0,Male,West,61920.84,42.9,PayPal,1,31.8,135.1,4283.56,5
1777,27.0,Male,North,29552.95,56.0,PayPal,1,5.2,63.91,328.72,1
1778,46.0,Female,South,59563.61,76.5,PayPal,1,34.1,99.74,3346.76,4
1779,42.0,Female,South,32707.38,20.1,Credit Card,1,5.3,40.34,274.33,4
1780,24.0,Female,North,104616.85,58.0,Debit Card,0,0.4,83.44,9.6,6
1781,40.0,Female,East,77974.54,32.7,Credit Card,1,12.7,48.07,600.99,3
1782,40.0,Female,South,56553.79,45.1,Debit Card,0,50.4,86.39,4330.37,3
1783,64.0,Male,North,18099.34,49.5,PayPal,0,9.0,94.61,848.23,6
1784,53.0,Male,South,34803.14,41.1,PayPal,0,3.7,98.09,415.26,4
1785,41.0,Male,West,73827.94,48.5,Credit Card,1,3.4,63.87,316.08,2
1786,44.0,Male,West,93507.57,60.0,Debit Card,0,31.3,84.52,2675.3,2
1787,,Male,South,89243.73,37.2,Credit Card,1,19.0,127.66,2469.06,2
1788,38.0,Female,South,26465.42,24.3,Credit Card,0,9.7,160.07,1621.34,3
1789,27.0,Female,North,227384.31,61.1,Credit Card,0,1.1,85.76,104.29,3
1790,39.0,Female,West,85560.74,63.7,Cash,0,15.4,129.21,2052.64,3
1791,31.0,Male,East,25687.22,61.0,Credit Card,0,30.9,54.82,1725.63,0
1792,25.0,Female,East,53984.0,26.7,Cash,0,1.4,68.06,101.04,4
1793,48.0,Female,West,61281.24,65.8,Credit Card,0,5.6,89.8,516.89,1
1794,46.0,Female,North,47318.47,65.7,PayPal,0,15.5,77.25,1124.52,3
1795,18.0,Female,East,23541.67,31.8,Debit Card,0,36.5,73.86,2707.57,2
1796,39.0,Female,North,46790.52,51.9,Debit Card,0,72.0,123.26,8812.97,2
1797,54.0,Female,North,46756.69,56.4,Debit Card,0,33.1,51.22,1630.37,4
1798,55.0,Male,South,50684.09,78.0,PayPal,0,17.2,53.33,924.99,3
1799,54.0,Female,South,42042.57,76.0,Cash,0,7.1,45.03,275.15,1
1800,42.0,Male,West,44384.45,29.7,Debit Card,0,5.2,90.96,472.71,4
1801,30.0,Male,South,53216.95,87.8,Credit Card,0,0.1,70.38,12.58,3
1802,27.0,Male,West,66111.94,39.3,Credit Card,0,10.0,118.01,1187.42,5
1803,,Female,East,,65.9,PayPal,0,22.2,87.64,1909.44,0
1804,46.0,Female,East,45055.84,71.4,Debit Card,0,9.5,63.24,636.73,2
1805,58.0,Female,West,56475.34,41.7,Debit Card,0,26.7,59.26,1578.67,4
1806,55.0,Male,South,22824.46,52.1,Debit Card,0,44.2,28.85,1292.81,4
1807,,Male,South,,46.6,Credit Card,0,6.7,75.27,456.45,0
1808,25.0,Female,North,54162.64,60.9,PayPal,0,12.9,48.35,616.58,6
1809,37.0,Male,North,55152.76,53.3,PayPal,1,9.6,124.54,1239.48,6
1810,44.0,Female,West,83477.34,76.0,PayPal,0,7.1,68.94,528.28,2
1811,38.0,Male,South,22499.15,51.5,PayPal,0,36.8,41.97,1512.6,3
1812,33.0,Female,South,22287.36,43.6,PayPal,1,8.7,135.48,1156.85,1
1813,44.0,Female,North,61280.18,69.3,Debit Card,0,5.8,75.74,399.74,4
1814,34.0,Female,South,54003.14,52.8,Cash,1,61.1,103.12,6274.38,2
1815,33.0,Male,East,58488.16,60.6,Credit Card,1,28.8,63.62,1776.29,4
1816,45.0,Female,South,44004.31,35.3,Debit Card,0,0.8,137.56,104.52,4
1817,36.0,Female,East,73054.36,31.3,PayPal,1,3.1,56.0,198.93,1
1818,44.0,Female,East,82428.58,47.2,Debit Card,0,1.3,70.37,60.08,4
1819,45.0,Female,West,67359.02,48.1,Credit Card,0,0.2,36.88,3.75,3
1820,26.0,Male,North,48176.53,67.5,Debit Card,0,72.0,136.06,9787.5,2
1821,35.0,Female,East,20984.51,67.3,Credit Card,0,28.0,60.33,1731.44,5
1822,60.0,Male,North,76584.98,54.0,Cash,1,14.5,91.88,1307.8,2
1823,26.0,Male,South,93880.49,67.3,Credit Card,0,32.4,97.48,3135.34,2
1824,18.0,Female,East,72406.5,71.3,Credit Card,0,9.6,126.24,1178.06,5
1825,18.0,Female,East,36466.92,52.9,Debit Card,0,72.0,88.94,6358.18,4
1826,41.0,Male,North,73365.38,43.0,Credit Card,0,9.4,77.66,751.17,5
1827,41.0,Male,West,79796.77,80.6,Credit Card,0,10.9,120.54,1308.48,5
1828,39.0,Male,North,109258.0,52.0,Debit Card,1,17.5,96.78,1695.84,3
1829,57.0,Male,East,36524.94,47.9,Debit Card,0,40.9,72.66,3022.78,1
1830,18.0,Female,West,48927.53,51.3,Credit Card,1,1.7,138.78,289.21,4
1831,46.0,Male,East,75831.76,36.1,Debit Card,0,12.9,100.02,1224.41,1
1832,61.0,Female,West,55594.22,28.3,Debit Card,0,22.0,46.71,1053.53,4
1833,26.0,Male,East,32767.83,61.0,PayPal,0,0.7,149.97,114.0,3
1834,,Male,West,,47.1,Credit Card,0,7.4,62.94,447.29,4
1835,,Female,East,70290.91,100.0,Credit Card,0,17.4,125.97,2204.99,2
1836,29.0,Male,East,56363.85,32.5,Cash,1,28.8,42.27,1148.32,3
1837,37.0,Male,North,59803.13,33.5,Debit Card,1,47.1,120.22,5720.87,1
1838,60.0,Female,East,48222.57,54.4,Credit Card,1,8.0,47.86,403.48,3
1839,65.0,Female,North,105369.19,77.5,PayPal,1,28.6,87.93,2480.19,0
1840,37.0,Female,West,36123.12,57.6,Credit Card,1,72.0,98.82,7091.62,7
1841,66.0,Male,North,,60.2,PayPal,1,30.4,73.32,2160.8,2
1842,41.0,Female,North,,25.8,PayPal,0,23.2,81.57,1879.87,1
1843,64.0,Female,West,80461.12,39.9,Cash,0,1.7,51.99,69.07,8
1844,40.0,Female,North,27616.87,40.7,Cash,1,25.3,114.74,2849.92,1
1845,43.0,Male,South,30042.44,16.3,Credit Card,1,0.2,89.93,49.05,4
1846,46.0,Male,East,21655.66,51.7,PayPal,1,0.1,55.87,56.66,3
1847,82.0,Male,North,54979.35,16.1,Credit Card,1,25.5,91.4,2329.61,5
1848,52.0,Male,North,32753.41,32.5,Debit Card,0,0.7,92.61,52.6,4
1849,32.0,Female,South,45567.61,38.1,Debit Card,1,5.8,83.23,500.13,4
1850,54.0,Male,North,72956.61,41.5,Credit Card,1,34.5,28.97,998.68,5
1851,36.0,Male,North,40591.17,61.3,Credit Card,0,0.8,68.91,11.84,2
1852,35.0,Male,North,60118.74,62.9,Credit Card,1,2.5,113.98,258.84,3
1853,53.0,Female,South,47348.86,62.6,Credit Card,0,14.2,101.19,1425.04,5
1854,41.0,Male,South,73309.94,61.2,Credit Card,1,72.0,99.89,7202.01,6
1855,45.0,Male,North,,75.4,Cash,0,20.4,89.64,1829.03,4
1856,41.0,Male,East,39681.08,51.7,Debit Card,1,53.0,119.74,6354.63,1
1857,45.0,Female,East,50216.89,54.5,PayPal,0,51.5,62.79,3172.69,4
1858,,Male,North,86654.53,64.7,PayPal,0,72.0,57.35,4155.81,7
1859,18.0,Female,South,64667.86,52.3,PayPal,0,35.7,166.86,5957.04,5
1860,50.0,Male,West,28893.36,51.9,Credit Card,0,21.5,60.07,1393.61,2
1861,28.0,Male,East,72767.75,40.6,PayPal,0,2.8,46.04,113.41,4
1862,22.0,Male,South,33253.83,32.2,PayPal,1,22.3,72.76,1635.49,2
1863,40.0,Male,South,102296.51,52.5,PayPal,0,14.7,84.54,1355.91,1
1864,42.0,Male,North,85891.87,54.9,Cash,1,16.0,120.07,1928.88,2
1865,32.0,Female,West,,46.0,Debit Card,0,15.2,68.97,1045.64,2
1866,52.0,Female,West,58148.47,49.5,Debit Card,0,30.2,68.73,2036.17,2
1867,24.0,Male,West,49312.63,41.7,PayPal,0,37.6,81.23,3115.38,6
1868,36.0,Male,North,73521.69,72.3,Debit Card,0,0.3,64.1,0.0,2
1869,33.0,Female,South,45850.89,51.8,PayPal,0,8.4,42.47,373.83,1
1870,40.0,Male,North,60234.85,38.0,Credit Card,1,17.2,47.5,798.06,2
1871,45.0,Male,South,80207.35,60.5,Credit Card,1,29.7,134.16,3976.98,5
1872,28.0,Male,South,42074.08,36.8,Debit Card,0,16.9,108.98,1784.8,2
1873,50.0,Male,East,41056.86,24.0,Credit Card,1,61.9,80.05,5008.82,2
1874,42.0,Male,North,31651.33,68.4,Cash,1,23.7,101.05,2383.77,4
1875,18.0,Female,West,33556.55,51.9,Credit Card,0,4.9,110.39,492.31,3
1876,18.0,Female,North,23794.79,49.3,PayPal,0,28.3,61.38,1787.16,1
1877,41.0,Female,North,75238.85,60.7,Credit Card,0,18.7,51.76,947.75,3
1878,38.0,Male,West,122273.0,73.6,Cash,0,10.1,128.08,1306.99,2
1879,40.0,Male,East,102888.18,57.6,Credit Card,0,2.6,31.36,115.19,5
1880,41.0,Male,South,26062.74,29.5,Credit Card,1,1.7,101.74,191.92,6
1881,44.0,Male,East,75070.62,58.3,Credit Card,0,3.4,87.41,209.33,1
1882,53.0,Male,North,102739.08,42.9,Debit Card,0,9.3,122.49,1166.97,4
1883,27.0,Male,North,44109.72,85.6,Cash,0,20.9,103.35,2155.99,4
1884,26.0,Male,South,56706.91,45.5,Cash,0,34.0,100.77,3413.02,1
1885,27.0,Male,South,21948.37,11.6,Credit Card,1,3.1,53.9,162.73,2
1886,45.0,Male,East,61085.59,59.2,Debit Card,0,1.2,112.21,70.25,1
1887,57.0,Female,North,33570.34,86.7,Credit Card,0,5.7,96.41,557.22,2
1888,35.0,Male,East,59268.65,77.0,Debit Card,0,26.6,56.8,1456.3,3
1889,18.0,Female,East,26834.9,76.4,Debit Card,0,2.6,87.75,216.72,5
1890,19.0,Male,North,69167.49,38.5,Credit Card,0,25.0,49.35,1240.0,3
1891,30.0,Female,North,85907.87,67.5,Debit Card,1,24.6,75.36,1896.82,1
1892,34.0,Male,South,38084.74,38.5,PayPal,0,29.5,197.62,5797.01,5
1893,36.0,Female,East,32480.16,58.1,Credit Card,0,6.9,52.7,421.69,3
1894,42.0,Male,East,20533.02,32.0,Credit Card,0,9.3,42.3,431.26,1
1895,37.0,Male,East,48055.6,46.2,Credit Card,0,17.2,47.73,803.78,6
1896,55.0,Female,South,41701.1,39.6,Credit Card,0,72.0,74.91,5349.17,8
1897,32.0,Male,North,26958.16,66.8,Credit Card,0,7.7,106.6,763.07,3
1898,30.0,Male,East,66426.97,64.5,Debit Card,1,17.0,82.26,1409.29,2
1899,47.0,Female,North,44245.69,63.3,Credit Card,0,49.5,44.66,2181.18,3
1900,21.0,Male,East,33386.9,35.7,PayPal,0,12.5,106.0,1372.97,6
1901,46.0,Female,North,42211.27,52.9,PayPal,0,11.5,35.23,377.96,8
1902,42.0,Female,South,,35.9,Cash,1,7.4,46.64,309.11,3
1903,39.0,Male,South,71062.97,59.3,Debit Card,0,16.4,62.99,1042.38,4
1904,62.0,Male,South,51097.37,66.4,Credit Card,0,4.7,126.1,565.23,0
1905,33.0,Male,East,71581.88,70.8,Credit Card,1,11.3,83.66,945.7,0
1906,68.0,Female,South,,37.0,Credit Card,0,8.2,85.06,736.93,4
1907,,Male,West,,16.3,Cash,0,27.5,44.96,1241.09,1
1908,24.0,Male,West,57889.72,29.7,Cash,1,12.9,65.62,851.34,1
1909,42.0,Male,West,,76.3,Credit Card,0,5.7,118.06,681.15,5
1910,27.0,Female,East,65904.12,43.5,Credit Card,1,16.8,93.76,1507.44,1
1911,31.0,Female,East,38131.84,39.1,Debit Card,0,11.3,107.68,1232.46,4
1912,46.0,Female,East,68146.79,79.8,Credit Card,0,7.0,79.83,565.21,0
1913,48.0,Female,South,,65.3,Cash,0,1.9,118.62,261.09,3
1914,33.0,Female,South,,47.6,Credit Card,0,18.6,44.85,858.44,4
1915,,Male,East,,43.0,Credit Card,1,39.6,74.15,2928.26,3
1916,56.0,Female,North,15000.0,54.1,Credit Card,0,3.0,99.8,340.7,7
1917,60.0,Female,North,41059.52,61.5,Credit Card,1,8.0,39.26,302.37,5
1918,48.0,Male,West,85940.17,84.9,Credit Card,0,16.6,26.49,449.62,1
1919,59.0,Female,North,46967.96,60.9,PayPal,0,2.7,166.93,438.27,4
1920,18.0,Female,East,28007.18,62.6,Credit Card,0,1.8,84.15,169.94,2
1921,37.0,Male,East,33117.54,67.0,Debit Card,0,0.6,37.75,7.59,3
1922,30.0,Male,North,86000.43,38.1,Credit Card,1,0.3,83.24,90.87,3
1923,43.0,Male,West,22818.41,68.2,Credit Card,0,1.2,46.91,136.99,3
1924,34.0,Female,North,90043.3,49.8,Credit Card,0,5.7,53.89,342.13,3
1925,39.0,Male,West,,18.7,Credit Card,0,23.9,127.98,3120.37,2
1926,65.0,Female,East,31679.41,19.5,Credit Card,1,24.3,63.64,1484.88,1
1927,39.0,Male,North,41672.56,37.8,Credit Card,1,11.9,63.43,697.96,4
1928,46.0,Female,North,34277.66,61.3,PayPal,0,28.8,46.31,1320.87,4
1929,38.0,Male,South,80001.55,53.8,PayPal,0,12.6,69.38,875.84,2
1930,42.0,Female,South,75326.89,57.9,Cash,0,1.4,86.49,113.16,2
1931,41.0,Male,North,24993.66,79.7,Credit Card,0,9.2,63.61,519.53,3
1932,47.0,Male,West,,33.2,PayPal,1,13.2,186.86,2512.62,1
1933,56.0,Male,North,36737.98,50.7,Debit Card,0,10.4,50.93,615.84,8
1934,62.0,Male,West,96962.49,60.3,Credit Card,0,17.2,50.81,925.17,1
1935,45.0,Male,North,29509.14,45.7,Credit Card,0,5.5,68.19,418.47,4
1936,49.0,Female,West,111513.74,58.2,Debit Card,0,22.8,176.53,4033.93,1
1937,26.0,Female,North,53370.71,30.5,PayPal,1,21.7,108.46,2319.86,5
1938,40.0,Female,South,32116.64,69.7,Debit Card,0,3.9,62.73,247.55,2
1939,53.0,Female,East,39943.72,37.7,Credit Card,0,37.2,62.75,2418.52,4
1940,52.0,Male,North,37770.04,83.8,Cash,0,8.6,50.14,417.12,3
1941,44.0,Female,West,30528.68,55.4,Credit Card,1,31.1,67.36,2076.7,3
1942,53.0,Female,North,56538.22,64.6,Cash,1,13.0,73.28,996.93,6
1943,47.0,Male,East,31177.06,45.7,PayPal,0,1.4,106.28,195.74,6
1944,57.0,Female,East,20309.32,46.1,PayPal,0,3.0,96.68,256.12,2
1945,,Male,East,45667.66,43.5,PayPal,0,51.0,66.42,3376.96,4
1946,36.0,Female,North,24069.84,56.5,Credit Card,0,10.9,146.61,1577.97,4
1947,45.0,Female,North,38620.08,60.6,Debit Card,0,24.1,59.17,1428.78,2
1948,18.0,Female,North,35986.66,36.7,PayPal,1,13.4,41.96,606.41,3
1949,46.0,Male,South,36605.46,40.6,PayPal,1,7.0,88.24,585.52,3
1950,18.0,Female,North,133310.12,46.8,Credit Card,0,41.3,123.8,5156.53,1
1951,19.0,Male,West,202665.99,82.2,Credit Card,0,8.2,78.49,647.68,1
1952,47.0,Female,South,60501.11,49.4,Credit Card,0,18.5,45.56,935.91,3
1953,,Male,East,24358.13,67.7,Debit Card,0,2.7,85.17,242.71,3
1954,26.0,Female,South,40364.93,46.6,Debit Card,0,4.7,89.8,418.18,3
1955,32.0,Female,North,59687.99,55.2,PayPal,0,61.1,93.88,5759.06,5
1956,59.0,Male,South,34165.17,30.3,PayPal,1,32.6,85.91,2787.18,1
1957,35.0,Male,South,81522.01,49.9,Debit Card,0,60.1,131.07,7805.5,3
1958,70.0,Female,South,31532.89,43.4,Credit Card,1,49.6,49.65,2453.02,6
1959,41.0,Male,South,47626.05,72.9,Debit Card,0,23.2,23.2,527.99,1
1960,46.0,Male,South,41617.53,44.9,Credit Card,0,28.6,35.25,944.46,3
1961,62.0,Male,West,58334.23,78.1,Credit Card,0,42.0,45.3,1899.68,3
1962,43.0,Male,North,40610.4,63.0,Credit Card,1,6.9,114.34,706.26,3
1963,28.0,Female,South,47958.81,71.8,Credit Card,0,4.3,69.37,284.38,6
1964,40.0,Female,North,48714.96,50.4,Credit Card,0,1.2,151.87,191.99,6
1965,41.0,Male,South,38930.2,85.2,Debit Card,0,16.2,48.17,784.23,6
1966,23.0,Male,East,67392.72,38.4,Credit Card,0,3.9,150.48,570.43,2
1967,38.0,Male,North,60311.3,46.2,Credit Card,0,12.8,54.14,689.57,3
1968,31.0,Male,East,52058.52,30.6,Credit Card,0,8.7,73.22,605.65,1
1969,53.0,Female,South,,77.8,Debit Card,0,19.2,37.86,727.34,5
1970,41.0,Male,North,77531.91,71.1,Debit Card,1,1.4,141.39,200.27,3
1971,37.0,Female,West,48721.45,50.8,Credit Card,0,19.7,77.5,1490.74,2
1972,40.0,Female,South,47192.31,71.4,Credit Card,0,0.9,190.77,182.4,1
1973,44.0,Female,West,56789.71,70.0,Cash,0,7.0,126.34,894.84,4
1974,49.0,Female,South,116246.01,74.1,Debit Card,0,21.7,72.46,1565.73,4
1975,28.0,Male,West,29638.8,32.5,Debit Card,1,4.0,57.75,327.84,4
1976,27.0,Male,South,76606.38,43.4,Debit Card,0,34.0,116.58,3958.09,3
1977,55.0,Male,South,23111.21,44.7,PayPal,0,52.8,81.0,4265.63,0
1978,36.0,Female,East,59740.95,21.7,PayPal,1,6.2,56.47,333.22,3
1979,23.0,Female,South,,63.4,Credit Card,0,19.7,83.54,1606.9,6
1980,47.0,Male,South,67501.21,42.3,Debit Card,0,1.2,33.16,67.23,1
1981,47.0,Male,West,58499.96,66.9,Credit Card,0,43.3,94.65,4070.9,4
1982,21.0,Male,East,42099.78,89.3,Debit Card,0,4.5,102.57,438.85,2
1983,44.0,Female,East,54938.59,44.7,Credit Card,0,52.7,47.48,2480.67,7
1984,51.0,Female,East,48366.94,42.5,Credit Card,0,12.3,132.65,1592.2,3
1985,46.0,Female,West,161886.04,56.1,Cash,1,3.8,120.17,386.6,5
1986,,Female,West,,69.1,PayPal,0,4.8,90.93,417.95,2
1987,23.0,Male,East,59235.22,37.3,Credit Card,1,48.5,52.51,2581.67,4
1988,45.0,Female,South,38359.3,35.2,Cash,0,12.2,105.26,1292.05,6
1989,37.0,Female,North,37690.87,74.4,Credit Card,0,32.4,67.77,2258.17,5
1990,35.0,Male,East,29374.74,55.1,Debit Card,0,16.9,86.84,1497.63,1
1991,52.0,Female,West,64590.74,27.4,PayPal,0,27.1,109.68,2993.29,1
1992,60.0,Male,South,69244.26,21.2,Credit Card,0,4.6,42.26,269.7,4
1993,64.0,Female,North,60128.98,78.2,Debit Card,0,12.5,37.24,461.61,5
1994,58.0,Female,South,83644.15,52.5,Debit Card,1,14.9,64.96,970.43,3
1995,40.0,Female,South,56361.44,34.2,Credit Card,1,10.9,175.63,1913.91,2
1996,46.0,Female,West,64628.12,53.9,Credit Card,1,11.5,194.51,2298.62,1
1997,51.0,Male,North,62114.01,52.7,Credit Card,0,46.7,93.73,4377.29,4
1998,43.0,Female,East,51990.02,54.6,Debit Card,0,41.4,121.67,5011.21,5
1999,43.0,Female,East,42664.83,32.4,Credit Card,0,16.5,78.9,1325.36,2
2000,52.0,Female,West,,44.1,Credit Card,0,1.7,83.58,109.44,5
