EmployeeID,Age,Gender,Department,EducationLevel,YearsAtCompany,MonthlyIncome,DistanceFromHome_km,WorkLifeBalanceScore,JobSatisfaction,NumProjects,OvertimeHoursPerMonth,TrainingHoursLastYear,PerformanceRating,Attrition
1108,35,Female,IT,PhD,1,43509.0,1.5,3.0,4,5,29.4,1.8,3.0,No
1750,30,Male,Sales,Bachelor's,0,33593.0,5.0,3.0,4,2,19.5,12.7,5.0,No
1248,55,Male,Research & Development,Bachelor's,12,53114.0,4.6,3.0,3,2,25.6,34.8,3.0,No
1513,39,Female,Sales,PhD,0,50917.0,15.6,4.0,3,3,9.5,27.1,,No
1435,46,Male,Research & Development,PhD,21,84216.0,0.5,5.0,3,1,7.3,,4.0,No
1945,41,Male,IT,Master's,14,73244.0,23.8,3.0,2,7,7.2,18.2,4.0,No
1646,37,Female,IT,Master's,0,39733.0,0.8,2.0,3,7,14.7,54.6,4.0,No
1454,57,Female,Sales,Bachelor's,7,33088.0,3.1,3.0,5,4,10.4,18.3,4.0,No
1601,43,Male,Research & Development,High School,11,38003.0,4.0,3.0,3,4,26.3,33.8,4.0,No
1067,35,Male,Sales,High School,16,56100.0,32.8,5.0,2,4,5.6,28.3,5.0,No
1300,41,Female,Research & Development,Bachelor's,1,42057.0,21.4,4.0,1,4,2.2,3.1,2.0,No
1310,54,Female,Marketing,Bachelor's,0,32983.0,2.4,5.0,4,5,10.2,41.4,,No
1538,48,Male,Marketing,Bachelor's,1,30273.0,11.7,4.0,4,4,22.2,18.0,3.0,No
1778,42,Female,Marketing,Bachelor's,5,26055.0,6.7,3.0,3,2,35.0,44.5,2.0,Yes
1317,39,Female,IT,High School,5,26481.0,11.0,3.0,4,1,17.8,24.5,3.0,No
1671,45,Female,Research & Development,Bachelor's,3,25281.0,6.0,4.0,3,4,27.2,46.1,3.0,Yes
1397,45,Female,Marketing,Master's,0,37821.0,29.2,4.0,4,1,14.5,36.9,3.0,No
1233,41,Female,Research & Development,Master's,7,51974.0,2.1,4.0,3,2,15.8,22.6,4.0,No
1803,41,Male,Sales,High School,3,28831.0,4.2,,5,5,6.6,34.3,5.0,No
1087,34,Male,Sales,Bachelor's,16,52055.0,4.1,4.0,4,2,2.2,28.2,3.0,No
1180,41,Male,Finance,High School,8,36478.0,6.5,3.0,5,3,107.3,26.0,3.0,No
1687,45,Male,IT,Bachelor's,1,35309.0,25.9,4.0,4,2,12.8,31.7,4.0,No
1756,48,,IT,Bachelor's,5,40000.0,1.4,3.0,1,1,26.4,20.3,3.0,No
1357,40,Female,Marketing,Master's,12,63878.0,14.2,1.0,1,5,9.3,12.0,5.0,No
1511,24,Male,Research & Development,Bachelor's,4,36360.0,,5.0,5,3,2.1,28.3,3.0,No
1373,46,Male,Research & Development,Bachelor's,6,50567.0,26.7,3.0,4,5,9.7,5.2,2.0,No
1509,33,Male,Sales,Bachelor's,12,50633.0,0.5,3.0,1,2,10.7,35.0,2.0,No
1779,39,Male,Sales,High School,3,27594.0,8.0,3.0,2,1,4.4,31.7,3.0,No
1685,34,Female,Research & Development,Bachelor's,16,65705.0,1.5,3.0,3,3,4.4,31.7,5.0,No
1105,30,Female,IT,Bachelor's,5,258099.0,2.2,4.0,2,1,12.4,15.7,3.0,No
1026,35,Female,Finance,Bachelor's,4,43961.0,2.6,4.0,5,4,32.5,26.6,3.0,No
1785,38,Female,Finance,,18,74368.0,2.1,5.0,3,2,9.9,17.9,3.0,No
1532,30,Male,Sales,,10,60845.0,0.5,4.0,5,2,10.1,36.8,5.0,No
1741,47,Male,Research & Development,Bachelor's,21,76424.0,3.6,1.0,5,4,29.3,,4.0,No
1273,37,Female,Research & Development,High School,12,45923.0,2.2,3.0,5,3,18.6,,4.0,No
1217,43,Male,IT,Bachelor's,0,43391.0,15.7,3.0,2,4,29.0,5.0,,No
1294,20,Male,Research & Development,Bachelor's,0,49448.0,,4.0,3,4,4.3,8.8,4.0,Yes
1144,40,Male,Sales,High School,3,33854.0,,4.0,3,3,28.5,33.8,3.0,No
1623,40,Female,Research & Development,Bachelor's,0,29504.0,4.2,4.0,4,2,9.3,18.7,,No
1094,37,Female,Sales,Master's,2,47023.0,4.5,4.0,3,2,30.3,0.0,2.0,No
1061,23,Male,Research & Development,High School,3,37447.0,0.5,3.0,5,2,14.6,26.4,5.0,No
1539,20,Female,IT,Bachelor's,2,19473.0,7.8,3.0,5,4,22.5,40.7,5.0,No
1124,50,Male,Research & Development,PhD,5,59493.0,4.7,3.0,4,2,19.7,36.6,4.0,No
1473,35,Male,Finance,Master's,15,61240.0,14.6,3.0,5,2,17.4,36.4,5.0,No
1802,28,Male,Marketing,Bachelor's,8,39166.0,7.2,1.0,2,1,8.8,11.9,2.0,No
1504,24,Female,Sales,High School,6,21664.0,3.4,2.0,2,2,26.8,9.0,4.0,Yes
1753,29,Female,Research & Development,High School,7,35961.0,10.4,4.0,1,4,16.5,31.1,4.0,No
1541,23,Male,Human Resources,Bachelor's,3,32133.0,5.2,2.0,3,2,15.2,,3.0,No
1732,39,Female,Research & Development,Bachelor's,3,29438.0,34.0,2.0,5,1,18.8,50.1,3.0,No
1238,37,Male,Marketing,Bachelor's,3,36039.0,8.5,5.0,3,2,5.7,36.1,4.0,No
1491,48,Male,Sales,Bachelor's,1,31482.0,11.6,4.0,4,5,16.8,19.8,3.0,Yes
1647,44,Female,IT,High School,0,20001.0,6.1,4.0,4,1,11.3,12.7,,No
1356,40,Female,Human Resources,High School,7,42706.0,2.9,3.0,5,6,4.4,20.5,4.0,No
1388,43,Male,IT,Master's,7,51728.0,0.5,3.0,4,4,20.8,26.6,3.0,No
1854,38,Female,Sales,Master's,8,46631.0,0.5,4.0,4,2,17.9,40.1,3.0,No
1855,41,Male,Sales,Bachelor's,3,34500.0,1.7,2.0,4,1,21.6,31.4,5.0,No
1045,39,Male,Sales,Bachelor's,3,40084.0,2.9,1.0,5,3,14.4,35.3,3.0,No
1478,28,Female,Sales,PhD,10,56955.0,2.1,3.0,3,3,9.6,41.6,5.0,No
1296,40,Female,Human Resources,PhD,5,58949.0,3.6,5.0,4,5,20.6,46.1,5.0,No
1475,44,Female,Marketing,,1,32393.0,0.5,5.0,3,3,10.1,24.9,3.0,No
1764,44,Male,Marketing,Bachelor's,1,31753.0,43.7,3.0,3,3,21.8,5.8,4.0,No
1222,40,Female,IT,High School,22,73959.0,18.4,5.0,4,1,9.6,52.0,3.0,No
1842,38,Male,Sales,High School,3,21440.0,5.7,3.0,4,5,12.1,14.4,1.0,No
1857,41,Female,Finance,Master's,16,60734.0,10.5,5.0,5,5,15.2,,3.0,No
1937,28,Female,Marketing,High School,10,38591.0,8.9,3.0,4,2,15.4,16.8,5.0,No
1656,41,Female,Finance,High School,1,25177.0,3.1,4.0,4,1,21.6,16.5,5.0,No
1571,25,Male,Sales,High School,7,39693.0,7.1,3.0,3,3,17.6,14.6,3.0,No
1260,26,Male,Research & Development,Bachelor's,7,39303.0,3.7,3.0,4,2,9.3,21.0,3.0,No
1711,38,Female,IT,Master's,2,43317.0,8.6,3.0,2,3,24.9,14.2,4.0,No
1615,31,Female,IT,Master's,6,41523.0,13.8,3.0,3,2,4.4,11.6,4.0,No
1272,41,Female,Research & Development,High School,7,40665.0,34.2,3.0,4,3,17.2,33.8,1.0,No
1438,28,Male,Marketing,Bachelor's,3,45026.0,1.3,5.0,4,7,0.0,27.2,3.0,No
1449,48,Male,Research & Development,Master's,4,49589.0,14.7,3.0,2,3,18.0,,4.0,No
1165,46,Female,Marketing,PhD,11,66601.0,6.7,5.0,3,1,10.2,35.1,3.0,No
1266,47,Male,Finance,PhD,12,74905.0,1.1,,3,1,17.7,32.1,3.0,No
1203,39,Male,Research & Development,Bachelor's,3,30146.0,13.2,4.0,4,1,2.2,16.3,3.0,No
1083,35,Female,Sales,Master's,5,38173.0,0.5,4.0,4,6,32.4,43.3,3.0,No
1723,20,Female,Marketing,High School,2,225197.0,6.3,3.0,4,1,12.1,31.2,5.0,No
1275,52,Female,IT,High School,3,25748.0,14.1,1.0,4,1,22.3,6.5,3.0,No
1047,46,Female,Sales,High School,8,31044.0,13.1,5.0,4,2,5.4,20.0,3.0,No
1971,35,Female,IT,High School,6,25574.0,0.5,2.0,3,4,13.0,21.3,3.0,No
1742,49,Female,Marketing,Master's,9,58153.0,1.2,3.0,1,6,30.3,,5.0,No
1337,32,Female,Research & Development,High School,13,56025.0,4.4,2.0,3,2,32.4,,3.0,No
1326,45,Female,IT,Bachelor's,4,34559.0,190.4,4.0,5,2,22.5,20.5,1.0,No
1617,44,Male,Research & Development,Bachelor's,1,32976.0,7.0,4.0,5,6,5.4,37.0,2.0,No
1799,47,Male,IT,Bachelor's,14,57148.0,10.1,4.0,3,7,22.2,0.0,4.0,No
1122,40,Male,Sales,High School,5,38433.0,1.9,4.0,4,3,4.0,34.0,3.0,No
1279,49,Male,Sales,Master's,5,37481.0,0.8,2.0,4,2,14.4,30.1,4.0,No
1716,27,Female,Sales,High School,4,25319.0,11.8,3.0,4,7,31.8,1.8,1.0,No
1830,20,Female,Research & Development,Master's,2,34497.0,29.2,2.0,2,4,26.4,20.0,4.0,Yes
1531,35,,Research & Development,Master's,7,59102.0,2.4,5.0,3,2,16.3,40.7,4.0,No
1093,34,Female,Research & Development,High School,9,46434.0,1.8,2.0,5,2,22.8,49.7,4.0,No
1057,36,Female,IT,Master's,11,59612.0,3.9,3.0,3,3,11.7,35.2,2.0,No
1426,35,Female,IT,Bachelor's,2,32095.0,19.5,3.0,4,4,23.4,27.4,4.0,No
1003,45,Male,Sales,High School,10,52390.0,2.2,3.0,4,4,22.7,25.3,4.0,No
1540,31,Male,Research & Development,Bachelor's,6,39555.0,2.8,5.0,1,1,6.4,38.7,4.0,No
1650,34,Male,Research & Development,High School,3,31197.0,1.7,4.0,4,3,23.1,21.5,4.0,Yes
1332,44,Male,Sales,Master's,2,43391.0,5.2,1.0,4,6,12.4,26.3,4.0,No
1372,50,Female,Research & Development,Bachelor's,13,53530.0,10.8,2.0,2,7,6.6,,4.0,No
1930,39,Female,Sales,Bachelor's,19,,1.9,4.0,5,3,9.2,,4.0,No
1825,21,Male,Research & Development,High School,3,28424.0,9.5,4.0,3,1,9.2,23.3,4.0,No
1096,25,Female,Sales,Bachelor's,4,37182.0,2.7,1.0,4,4,23.7,28.1,2.0,No
1335,38,,Research & Development,Bachelor's,14,50606.0,3.9,1.0,3,1,28.3,,4.0,No
1347,33,Male,Sales,Master's,5,49384.0,13.7,3.0,3,5,6.3,21.3,3.0,No
1920,21,Female,Research & Development,High School,3,28465.0,9.5,3.0,1,3,28.9,32.3,3.0,Yes
1659,49,Female,Finance,Bachelor's,5,34847.0,7.0,2.0,4,3,10.3,55.7,5.0,No
1903,37,Female,Sales,Bachelor's,3,33751.0,7.1,3.0,5,4,26.9,42.0,3.0,No
1352,46,Female,Finance,Bachelor's,6,49873.0,9.6,3.0,4,6,4.4,23.3,4.0,No
1412,20,Female,Sales,Bachelor's,2,35350.0,5.8,4.0,3,1,20.8,27.1,3.0,No
1088,38,Female,Sales,Bachelor's,8,44433.0,11.4,3.0,3,4,4.4,,3.0,No
1178,39,Male,IT,Master's,10,50380.0,9.9,2.0,3,2,10.5,,4.0,No
1340,43,Female,Research & Development,Bachelor's,6,42834.0,1.5,2.0,3,2,6.6,44.7,3.0,No
1477,48,Male,Research & Development,Master's,7,64325.0,20.6,1.0,4,3,31.0,46.3,5.0,No
1106,36,Male,IT,Bachelor's,1,32237.0,15.9,3.0,5,3,16.6,31.6,4.0,No
1701,48,Female,Research & Development,PhD,4,58807.0,10.3,4.0,4,3,16.5,43.7,3.0,Yes
1215,35,Female,Research & Development,Bachelor's,4,30603.0,2.0,3.0,3,4,23.3,7.7,2.0,No
1290,37,Male,Sales,Bachelor's,6,45532.0,,2.0,3,4,26.3,25.2,4.0,No
1379,52,Female,Research & Development,High School,14,49594.0,8.1,3.0,5,2,22.8,37.3,2.0,No
1619,32,Male,Marketing,Bachelor's,0,27938.0,8.1,4.0,3,1,3.7,6.2,,No
1974,44,Male,Sales,High School,2,24980.0,12.5,4.0,4,2,27.0,3.3,2.0,No
1032,34,Male,Research & Development,Bachelor's,9,37567.0,1.0,3.0,2,3,5.5,30.8,4.0,No
1431,29,Female,Marketing,Bachelor's,2,35876.0,9.7,3.0,2,4,30.1,14.6,3.0,Yes
1921,35,Female,Research & Development,Bachelor's,7,42735.0,4.2,4.0,4,3,20.6,8.3,3.0,No
1878,36,Female,Research & Development,Master's,5,40343.0,40.1,4.0,4,2,9.3,18.7,4.0,No
1583,35,Male,IT,High School,2,18672.0,6.5,2.0,4,1,23.5,22.6,3.0,No
1498,35,Male,Marketing,Bachelor's,2,32402.0,5.6,1.0,3,4,8.8,42.6,5.0,No
1256,45,Male,Finance,Bachelor's,6,38437.0,1.7,3.0,5,3,20.2,11.2,4.0,No
1808,27,Male,Research & Development,Bachelor's,2,48067.0,20.7,2.0,3,2,16.4,27.1,5.0,Yes
1543,40,Female,IT,Bachelor's,7,44715.0,19.3,3.0,2,2,17.6,36.4,5.0,No
1725,30,Female,Research & Development,High School,9,40497.0,20.2,4.0,2,5,24.3,40.9,3.0,No
1190,53,Male,IT,High School,6,29892.0,24.3,1.0,1,4,26.1,18.6,5.0,Yes
1042,43,Male,Finance,Bachelor's,20,68572.0,6.1,4.0,4,4,32.3,17.6,4.0,No
1552,43,Male,Research & Development,Bachelor's,9,46645.0,20.5,3.0,4,1,14.5,57.3,4.0,No
1524,36,,Research & Development,Bachelor's,2,28310.0,23.7,2.0,3,4,29.0,12.6,4.0,No
1455,39,Male,Human Resources,Bachelor's,1,31985.0,7.7,3.0,3,4,25.6,30.0,3.0,No
1204,44,Male,Research & Development,Bachelor's,7,38716.0,15.4,3.0,2,3,9.1,17.8,3.0,No
1293,51,Male,Sales,Master's,0,38843.0,13.3,3.0,5,4,4.4,32.0,3.0,No
1517,44,Male,Research & Development,Bachelor's,5,44547.0,0.5,3.0,2,3,6.4,17.1,5.0,Yes
1906,57,Male,Finance,High School,7,41421.0,1.0,3.0,5,2,4.4,,5.0,No
1377,36,Female,Finance,High School,1,27153.0,41.5,4.0,2,5,24.1,34.9,3.0,No
1911,31,Female,Research & Development,Master's,5,49896.0,12.8,3.0,2,3,31.6,17.0,3.0,No
1457,48,Female,Research & Development,High School,6,35833.0,24.4,5.0,3,2,0.2,26.8,4.0,No
1892,33,Male,Marketing,Bachelor's,4,45834.0,7.7,5.0,5,4,19.5,33.6,2.0,No
1432,42,Male,IT,Bachelor's,5,48165.0,5.7,2.0,5,7,23.7,32.3,5.0,No
1683,49,Female,Finance,Master's,1,25700.0,3.8,3.0,5,1,26.0,12.0,3.0,No
1572,37,Female,Human Resources,High School,5,30038.0,23.4,3.0,2,3,31.1,41.3,4.0,No
1136,29,Male,Research & Development,PhD,11,59183.0,4.6,3.0,5,1,17.1,50.9,4.0,No
1714,38,Male,Research & Development,Bachelor's,14,,5.2,2.0,4,5,12.9,19.6,3.0,No
1409,20,Male,Research & Development,Bachelor's,2,34426.0,3.6,3.0,3,5,11.2,35.1,1.0,No
1607,45,Male,Marketing,High School,0,,12.3,3.0,3,3,15.7,39.4,,No
1202,51,Male,Sales,,7,64569.0,3.7,3.0,1,2,8.7,35.3,4.0,No
1588,30,Female,Sales,Bachelor's,0,30795.0,7.1,4.0,3,3,2.4,15.0,2.0,No
1655,43,Male,Research & Development,Bachelor's,7,43208.0,3.1,5.0,2,3,7.8,25.4,4.0,No
1319,47,Male,Research & Development,Bachelor's,7,49250.0,1.0,3.0,4,5,17.8,26.1,2.0,No
1635,35,Female,Research & Development,Bachelor's,2,38299.0,13.5,1.0,3,21,20.9,33.1,4.0,No
1893,34,Female,Human Resources,Master's,1,44196.0,0.6,3.0,3,2,14.0,66.3,5.0,No
1858,42,Male,Human Resources,Bachelor's,3,46753.0,20.1,4.0,1,6,15.0,31.5,5.0,No
1634,21,Male,Research & Development,Bachelor's,3,32014.0,6.8,4.0,3,3,23.3,35.1,5.0,No
1448,35,Female,Sales,Master's,7,48727.0,4.2,1.0,4,4,28.1,,4.0,No
1998,39,Male,Sales,,1,18161.0,4.1,4.0,3,2,18.3,34.3,3.0,No
1884,27,Female,Sales,Bachelor's,2,39158.0,0.8,1.0,5,1,25.4,22.3,2.0,No
1632,60,Female,IT,Bachelor's,6,37488.0,4.5,,3,3,18.7,4.2,2.0,No
1542,31,Female,Marketing,Master's,1,44503.0,7.3,5.0,5,7,20.1,13.5,4.0,No
1155,38,Female,Finance,Bachelor's,5,36721.0,2.1,5.0,2,2,6.1,15.3,3.0,No
1652,36,Male,Sales,Bachelor's,18,61872.0,5.8,3.0,5,1,19.2,31.7,4.0,No
1835,31,Female,Sales,Bachelor's,9,40728.0,1.8,4.0,2,5,28.8,65.2,5.0,No
1070,36,Male,Human Resources,Bachelor's,1,29396.0,2.5,3.0,1,4,15.9,22.5,5.0,No
1692,36,Male,IT,PhD,18,87177.0,13.3,3.0,4,3,10.4,,3.0,No
1391,20,Male,Marketing,Bachelor's,2,21491.0,2.7,3.0,3,5,23.9,7.1,3.0,No
1058,51,Male,Research & Development,PhD,2,56286.0,0.8,2.0,4,3,13.5,29.5,4.0,Yes
1926,55,Female,IT,Bachelor's,3,43087.0,8.7,3.0,4,2,27.7,45.8,5.0,No
1982,24,Male,Finance,High School,1,15000.0,8.2,5.0,3,4,0.0,,5.0,Yes
1698,29,Female,Research & Development,Bachelor's,4,39560.0,3.5,4.0,2,5,2.2,16.1,1.0,No
1005,20,Male,IT,Bachelor's,2,20850.0,3.2,4.0,3,1,21.2,61.4,5.0,No
1095,23,Female,Sales,Master's,5,40704.0,5.4,2.0,2,5,27.0,21.4,5.0,No
1464,20,Male,IT,Bachelor's,2,37274.0,18.0,4.0,1,5,22.9,31.7,4.0,No
1488,42,Female,Research & Development,High School,5,30965.0,1.2,4.0,2,4,21.8,14.1,5.0,No
1130,30,Male,IT,Bachelor's,3,35998.0,7.7,5.0,3,1,9.1,36.2,5.0,No
1501,50,Male,Human Resources,,0,31822.0,17.3,4.0,3,2,20.4,4.5,,No
1558,29,Female,Marketing,Master's,7,53014.0,2.3,3.0,1,1,12.9,29.0,3.0,No
1068,34,Female,IT,PhD,6,54139.0,3.5,4.0,3,7,12.3,45.8,4.0,No
1738,45,Female,IT,Master's,0,,6.4,3.0,3,2,18.1,16.0,,No
1251,35,Female,Sales,Bachelor's,1,24671.0,2.3,,4,2,15.3,31.8,3.0,No
1164,31,Male,Sales,High School,1,28620.0,1.7,4.0,4,2,18.8,41.9,2.0,No
1341,20,Male,Sales,,2,48165.0,16.2,4.0,4,2,19.3,31.0,3.0,No
1772,50,Male,Research & Development,Master's,7,51508.0,,5.0,4,3,11.1,35.3,5.0,No
1145,31,Male,Finance,Bachelor's,7,56471.0,2.5,4.0,3,8,19.9,0.0,4.0,No
1817,34,Female,Research & Development,Bachelor's,1,228167.0,0.8,3.0,4,4,25.3,38.3,5.0,Yes
1947,41,Male,Sales,Bachelor's,11,52527.0,55.2,2.0,4,17,8.2,,3.0,No
1844,37,Male,Research & Development,High School,8,50036.0,21.7,4.0,3,2,15.7,28.3,4.0,No
1283,46,Male,IT,High School,0,20568.0,9.1,3.0,3,6,12.0,54.1,2.0,Yes
1612,40,,Marketing,Bachelor's,1,27161.0,0.5,4.0,2,5,15.8,20.1,2.0,Yes
1522,30,Female,Sales,,8,46015.0,3.8,3.0,5,3,28.9,25.6,4.0,No
1428,53,Male,Sales,High School,0,29351.0,4.1,,3,8,25.1,0.0,5.0,No
1822,51,Male,Marketing,,4,60431.0,6.8,5.0,3,3,5.1,19.5,4.0,No
1636,35,Male,Human Resources,Bachelor's,2,32476.0,0.5,,4,3,6.8,34.5,3.0,No
1883,28,Female,IT,Bachelor's,2,21728.0,,3.0,3,1,27.6,27.2,3.0,No
1731,42,,Finance,Master's,0,32749.0,8.6,1.0,3,1,29.4,26.5,3.0,No
1135,25,Male,Research & Development,Bachelor's,7,38196.0,1.7,1.0,5,2,26.4,19.7,5.0,No
1376,59,Female,Marketing,Master's,7,,6.8,5.0,4,4,16.3,15.6,4.0,No
1515,45,Male,Research & Development,PhD,6,67661.0,11.9,3.0,3,1,12.3,19.3,5.0,No
1184,48,Female,Finance,Bachelor's,1,34281.0,2.8,3.0,2,4,12.0,12.0,4.0,Yes
1837,35,Male,Research & Development,Bachelor's,12,59848.0,5.1,4.0,3,2,31.1,51.8,4.0,No
1149,48,Male,Sales,Bachelor's,2,43237.0,8.0,4.0,3,4,5.4,30.4,2.0,No
1729,28,Male,Research & Development,High School,3,38772.0,,4.0,2,2,29.1,34.3,4.0,No
1627,34,Female,Research & Development,Master's,5,,4.6,1.0,2,2,27.6,29.7,4.0,No
1566,45,Female,Research & Development,Bachelor's,1,36673.0,6.5,,2,4,15.8,201.5,4.0,No
1278,28,Male,Research & Development,Bachelor's,4,42407.0,1.1,3.0,5,5,14.1,35.9,3.0,No
1592,40,Male,Research & Development,Master's,3,43009.0,0.9,1.0,4,1,14.3,54.9,5.0,No
1710,44,Female,Research & Development,High School,0,20414.0,2.1,4.0,2,1,16.9,31.1,,No
1382,50,Male,Sales,Master's,3,,18.6,1.0,3,1,41.8,0.3,3.0,No
1211,46,Male,Sales,Master's,8,53461.0,25.1,3.0,4,2,4.4,24.4,4.0,Yes
1721,37,Male,IT,Bachelor's,6,38976.0,12.2,4.0,2,4,19.6,,3.0,No
1050,39,Female,Marketing,Master's,9,50020.0,8.8,3.0,3,1,14.4,17.4,3.0,No
1896,47,Female,Human Resources,Bachelor's,1,35218.0,,3.0,4,2,10.9,24.5,3.0,No
1312,42,Male,IT,Master's,7,44692.0,1.5,4.0,3,2,20.7,28.2,4.0,No
1669,33,Female,IT,Master's,4,46339.0,0.6,3.0,3,2,13.3,1.9,5.0,No
1027,43,Female,Sales,Bachelor's,6,36526.0,1.4,5.0,2,5,11.1,43.0,5.0,No
1305,37,Male,Sales,Bachelor's,1,24352.0,0.5,3.0,4,5,33.2,39.9,4.0,No
1220,32,Male,Finance,High School,14,44608.0,2.2,1.0,5,5,17.5,,1.0,No
1325,54,Male,Sales,Master's,1,36975.0,13.7,3.0,1,4,18.2,41.0,5.0,Yes
1450,41,Female,IT,Master's,5,39059.0,9.5,3.0,4,3,19.9,56.4,3.0,No
1543,40,Female,IT,Bachelor's,7,44715.0,19.3,3.0,2,2,17.6,36.4,5.0,No
1188,27,Female,Research & Development,Bachelor's,7,41508.0,7.7,3.0,3,4,12.2,51.9,5.0,Yes
1890,23,Male,Sales,High School,2,25532.0,1.4,,3,2,6.6,31.5,5.0,No
1403,45,Male,Marketing,Bachelor's,2,38808.0,2.1,1.0,5,6,8.8,50.0,3.0,No
1717,24,Male,Marketing,Bachelor's,5,42137.0,14.9,3.0,4,3,102.0,48.2,4.0,No
1803,41,Male,Sales,High School,3,28831.0,4.2,,5,5,6.6,34.3,5.0,No
1240,33,Male,IT,Master's,0,,4.6,3.0,3,1,4.4,23.1,3.0,No
1308,50,Male,Marketing,Bachelor's,1,34939.0,16.4,2.0,5,4,20.5,13.2,4.0,No
1074,42,Female,Research & Development,High School,2,24875.0,1.1,4.0,3,4,16.5,32.6,3.0,No
1600,22,,Research & Development,Bachelor's,1,35163.0,14.4,4.0,2,3,17.7,3.9,4.0,No
1587,27,Male,Finance,High School,8,29127.0,204.8,4.0,1,4,2.2,33.6,3.0,No
1630,20,Female,Research & Development,High School,2,34613.0,1.5,3.0,4,2,14.5,60.0,3.0,No
1900,24,Female,Marketing,Bachelor's,2,180346.0,6.7,3.0,3,4,15.1,12.3,5.0,No
1747,54,Female,Sales,Master's,19,61118.0,0.5,4.0,4,4,29.0,55.0,5.0,No
1424,25,Female,Sales,High School,7,34521.0,2.9,4.0,4,4,3.7,38.2,4.0,No
1399,43,,Research & Development,Bachelor's,9,47977.0,24.4,2.0,3,4,6.6,14.1,5.0,No
1824,20,Male,Marketing,,2,34301.0,10.0,4.0,3,4,29.6,8.2,4.0,No
1097,26,Male,Marketing,Master's,3,49517.0,0.5,3.0,2,5,27.3,34.9,2.0,No
1307,35,Female,Sales,Master's,3,44835.0,4.3,,4,2,8.2,1.4,4.0,No
1244,25,Female,IT,High School,7,35028.0,6.4,3.0,4,3,5.8,,4.0,No
1845,39,Male,Sales,Bachelor's,4,38432.0,8.1,5.0,1,3,0.0,4.0,4.0,No
1456,39,Male,Finance,,6,34289.0,1.9,2.0,2,4,17.6,17.9,5.0,Yes
1040,44,Female,Research & Development,Master's,3,40017.0,14.9,3.0,5,3,9.9,36.1,4.0,No
1718,44,Female,IT,Bachelor's,1,28469.0,6.2,2.0,4,1,14.7,28.2,3.0,No
1697,20,Male,Research & Development,Master's,2,41865.0,7.2,2.0,5,1,33.4,54.7,3.0,Yes
1968,31,Female,Sales,Master's,3,41945.0,19.3,3.0,4,2,14.0,8.3,2.0,No
1099,42,Female,Finance,High School,0,22889.0,18.5,5.0,4,3,8.3,1.8,3.0,No
1236,32,Female,Human Resources,PhD,3,54061.0,14.1,2.0,2,6,23.2,21.6,3.0,No
1263,40,Male,Sales,Bachelor's,4,32916.0,21.6,4.0,4,6,5.1,26.3,4.0,No
1743,29,Male,Research & Development,High School,2,38807.0,0.7,2.0,4,5,13.6,32.9,1.0,No
1870,38,Female,Research & Development,Bachelor's,0,30877.0,10.1,3.0,5,2,4.4,54.8,5.0,No
1651,55,Male,Marketing,,4,31471.0,299.6,3.0,2,7,4.4,39.5,5.0,Yes
1970,38,Male,Sales,Bachelor's,2,49863.0,3.1,2.0,3,2,14.0,16.2,4.0,No
1514,37,Male,Research & Development,High School,1,28641.0,3.6,4.0,3,3,10.4,16.6,4.0,No
1564,31,Female,Finance,PhD,6,59250.0,0.5,2.0,4,3,20.2,9.3,1.0,No
1613,25,Female,IT,Bachelor's,3,38455.0,1.6,5.0,4,2,11.1,23.8,3.0,No
1064,43,Female,Sales,,12,45996.0,10.1,4.0,5,5,19.7,28.7,3.0,No
1012,45,Male,Research & Development,Bachelor's,5,35102.0,6.0,4.0,3,4,7.0,21.7,4.0,Yes
1375,43,Female,Finance,High School,0,17114.0,17.2,4.0,3,6,21.5,32.9,,Yes
1965,38,Male,Sales,High School,9,39027.0,10.2,4.0,4,1,28.8,54.0,2.0,No
1872,29,Male,Finance,Master's,11,46458.0,9.7,3.0,3,4,13.3,38.0,1.0,No
1783,54,Male,Human Resources,Bachelor's,4,26049.0,7.5,4.0,3,4,16.2,3.3,3.0,No
1877,38,Male,Sales,Bachelor's,5,35768.0,17.7,4.0,3,6,14.7,33.0,3.0,No
1192,36,Male,Marketing,Master's,18,60309.0,9.0,3.0,1,4,23.6,24.6,5.0,No
1299,22,Female,Sales,,4,37758.0,0.9,5.0,4,2,7.1,20.1,4.0,No
1316,35,Female,Sales,High School,1,28244.0,12.5,4.0,3,15,13.6,25.1,3.0,No
1169,37,Female,Sales,,0,21464.0,3.6,4.0,3,2,130.1,41.8,,No
1589,40,Male,Finance,Master's,2,43826.0,1.2,3.0,1,2,11.7,20.5,4.0,No
1811,36,Female,Human Resources,Bachelor's,4,48764.0,9.6,3.0,2,3,14.8,30.8,3.0,No
1828,37,Female,Research & Development,Master's,6,47130.0,5.1,2.0,1,4,27.2,19.1,3.0,No
1954,28,Female,Sales,PhD,5,57316.0,8.7,2.0,1,4,34.7,13.2,3.0,No
1443,41,Female,Sales,Master's,2,45325.0,4.4,3.0,3,1,28.4,14.5,2.0,No
1189,26,Female,Sales,Bachelor's,2,16382.0,14.0,3.0,3,4,17.3,40.2,2.0,No
1859,21,Male,Human Resources,Bachelor's,3,38199.0,11.9,4.0,3,3,18.2,24.4,2.0,No
1414,45,Female,Human Resources,Bachelor's,3,32100.0,4.3,,3,4,14.4,46.0,1.0,No
1362,41,Male,Sales,High School,2,25441.0,32.7,4.0,3,3,12.2,60.7,4.0,No
1567,37,Male,Marketing,High School,17,46675.0,18.4,4.0,3,5,13.2,26.9,4.0,No
1804,41,Female,Research & Development,Master's,6,43713.0,1.8,,4,2,14.1,6.2,4.0,No
1195,28,Male,Marketing,Bachelor's,10,43436.0,6.6,3.0,2,4,16.3,42.8,4.0,No
1599,40,Female,Human Resources,Bachelor's,18,61452.0,7.7,2.0,3,7,15.4,52.5,3.0,No
1573,40,Male,Sales,Bachelor's,2,25140.0,16.4,4.0,3,2,15.6,48.9,3.0,No
1301,54,Female,Marketing,Bachelor's,10,56870.0,27.7,4.0,1,1,21.1,26.0,4.0,Yes
1787,38,Male,Marketing,Bachelor's,1,38607.0,3.7,1.0,2,6,18.4,42.7,5.0,No
1672,40,Male,IT,Bachelor's,11,46891.0,1.8,3.0,2,2,8.0,,3.0,Yes
1534,42,Male,Marketing,Master's,2,53053.0,10.9,2.0,1,3,26.4,51.8,1.0,Yes
1218,50,Male,Research & Development,Bachelor's,0,34358.0,3.0,3.0,1,2,24.7,24.5,,No
1643,56,,IT,Master's,3,45322.0,21.4,5.0,4,1,6.5,54.5,3.0,No
1370,46,Male,IT,PhD,2,47671.0,,3.0,1,3,17.2,36.2,3.0,No
1193,35,Male,Sales,High School,0,22676.0,28.4,5.0,5,3,1.8,23.0,,No
1150,39,Male,Research & Development,High School,0,28254.0,27.4,4.0,3,2,32.3,0.9,4.0,Yes
1794,42,Female,IT,PhD,3,42487.0,34.6,4.0,3,2,16.7,35.1,2.0,No
1867,26,Male,Finance,Master's,8,54450.0,1.0,3.0,3,3,16.9,19.6,2.0,No
1781,38,Male,Research & Development,Bachelor's,1,32054.0,2.8,2.0,3,7,13.0,35.7,3.0,No
1353,33,Male,Sales,PhD,1,60624.0,13.7,4.0,4,1,21.8,19.9,5.0,No
1489,30,Female,Human Resources,Bachelor's,1,23821.0,8.0,4.0,4,3,7.0,40.3,3.0,No
1471,41,Male,Sales,Bachelor's,0,29759.0,20.0,5.0,1,1,10.6,30.6,,No
1758,46,Male,Marketing,High School,5,36203.0,12.0,4.0,4,5,2.2,9.1,3.0,No
1665,37,Female,IT,Bachelor's,11,49184.0,9.4,4.0,4,8,92.7,21.4,3.0,No
1410,26,Male,Research & Development,Master's,5,,40.7,5.0,2,3,15.0,38.4,4.0,No
1345,53,Male,Marketing,PhD,5,56747.0,15.6,3.0,2,1,19.5,25.9,2.0,No
1941,40,Male,IT,Bachelor's,1,38921.0,3.6,3.0,3,4,28.0,14.7,5.0,No
1755,54,Male,Research & Development,Master's,3,45984.0,11.1,3.0,2,4,27.4,21.3,5.0,No
1574,30,Male,Marketing,High School,0,24731.0,6.2,3.0,3,2,12.3,33.9,,No
1318,32,Male,Sales,High School,5,36235.0,28.8,3.0,2,3,4.4,52.3,5.0,No
1023,49,Male,Research & Development,Bachelor's,4,33479.0,0.7,3.0,5,6,9.8,33.4,3.0,No
1838,51,Female,Sales,High School,1,30560.0,48.1,2.0,5,2,15.5,48.9,1.0,No
1297,41,Male,Research & Development,Bachelor's,1,26544.0,0.5,2.0,2,5,33.6,30.1,3.0,No
1977,48,Male,IT,Bachelor's,4,,0.6,4.0,3,2,17.4,7.6,5.0,No
1680,36,Male,IT,Master's,15,48368.0,9.0,2.0,4,1,12.9,30.1,3.0,No
1007,39,Female,IT,Master's,11,52375.0,14.7,2.0,1,1,25.7,27.9,3.0,Yes
1458,30,Female,Sales,Master's,2,46263.0,5.4,4.0,3,2,12.7,55.2,2.0,No
1159,34,,Sales,Master's,7,49190.0,3.1,2.0,2,1,27.4,24.7,5.0,No
1712,44,Female,Sales,Bachelor's,0,36012.0,8.1,1.0,2,4,28.9,23.1,,No
1129,32,Male,Research & Development,Master's,0,34169.0,6.5,1.0,4,2,22.0,17.9,,No
1675,46,Male,Marketing,,1,15000.0,17.7,4.0,3,3,6.4,14.2,3.0,Yes
1420,50,Male,Human Resources,PhD,7,60206.0,2.8,5.0,4,3,12.6,19.3,5.0,No
1570,40,Male,Sales,PhD,1,44964.0,2.9,2.0,3,1,18.9,36.8,4.0,No
1836,30,Male,Human Resources,Bachelor's,0,25632.0,8.1,3.0,3,3,15.5,10.4,,Yes
1976,29,Male,Research & Development,High School,11,45348.0,3.5,3.0,2,3,13.4,35.5,4.0,No
1889,20,Male,Marketing,Master's,0,36322.0,8.0,4.0,4,2,17.0,18.8,,No
1533,34,Male,Sales,Bachelor's,4,41975.0,0.5,5.0,5,3,14.6,41.4,4.0,No
1408,45,Male,Sales,,15,45990.0,5.8,2.0,2,5,8.1,25.7,3.0,Yes
1259,37,Male,Research & Development,Bachelor's,3,39841.0,19.0,2.0,4,3,24.6,48.5,4.0,Yes
1172,42,Female,Marketing,High School,10,36937.0,1.2,4.0,2,4,26.8,12.3,3.0,No
1861,29,Male,Sales,Bachelor's,3,40700.0,24.1,5.0,2,3,16.9,32.8,3.0,No
1986,44,,Research & Development,Bachelor's,1,33272.0,29.6,3.0,2,3,5.1,44.9,3.0,No
1938,37,Female,Sales,Bachelor's,3,40372.0,24.2,2.0,4,2,31.0,25.1,5.0,No
1331,52,Male,Marketing,Bachelor's,8,49850.0,25.0,3.0,4,3,13.7,28.7,3.0,No
1997,45,,Sales,Bachelor's,2,52849.0,14.4,4.0,4,2,18.0,19.6,3.0,No
1972,37,Male,Human Resources,Bachelor's,2,26043.0,9.2,4.0,3,2,2.2,21.9,1.0,No
1598,45,Female,IT,Master's,9,58512.0,3.8,4.0,2,2,15.1,16.1,4.0,No
1925,37,Female,IT,Bachelor's,1,27918.0,2.2,3.0,5,5,19.3,33.3,3.0,No
1034,31,Male,Sales,,0,40340.0,4.1,5.0,3,3,8.7,22.8,,No
1520,53,Male,Research & Development,Bachelor's,12,54442.0,14.1,4.0,3,6,2.2,,4.0,No
1608,42,Male,Research & Development,Master's,6,58549.0,5.8,2.0,4,6,17.1,18.1,5.0,No
1170,38,Male,Research & Development,Master's,2,39632.0,1.6,3.0,4,4,17.6,23.0,3.0,No
1154,34,Male,Sales,High School,6,38140.0,24.3,5.0,2,3,24.6,0.0,4.0,No
1485,37,Male,Sales,Master's,3,42943.0,1.2,4.0,4,1,16.8,16.8,4.0,No
1072,28,Male,Marketing,High School,2,23042.0,11.1,1.0,3,4,28.2,0.0,3.0,No
1880,38,Male,Research & Development,,3,36614.0,6.5,5.0,3,1,13.6,20.7,4.0,No
1121,29,Male,IT,High School,6,31136.0,9.6,3.0,2,3,9.6,19.2,5.0,No
1666,23,Female,Marketing,Master's,3,43589.0,7.9,2.0,3,6,19.3,13.8,3.0,No
1335,38,,Research & Development,Bachelor's,14,50606.0,3.9,1.0,3,1,28.3,,4.0,No
1071,27,,Marketing,Bachelor's,4,30940.0,2.5,3.0,5,4,7.2,2.4,4.0,No
1295,36,,Research & Development,Bachelor's,2,39927.0,3.6,2.0,4,3,15.7,34.0,4.0,No
1089,42,Male,Sales,Bachelor's,24,68254.0,3.7,2.0,4,4,12.2,30.0,4.0,No
1866,45,Female,Research & Development,High School,15,51631.0,2.1,2.0,5,2,25.7,27.2,3.0,No
1816,41,Male,Research & Development,Bachelor's,2,32970.0,7.1,5.0,1,4,10.4,42.4,4.0,No
1523,50,Male,Sales,PhD,11,61433.0,12.9,1.0,2,2,19.5,60.3,4.0,Yes
1546,37,Female,Sales,Master's,3,47740.0,,3.0,4,5,21.6,24.8,3.0,No
1241,30,Male,Sales,Master's,10,59421.0,9.3,4.0,3,1,26.7,29.6,3.0,No
1560,30,Female,Research & Development,High School,6,23554.0,13.9,1.0,3,2,28.0,56.1,3.0,Yes
1553,41,,Sales,Bachelor's,6,35128.0,5.5,4.0,5,1,10.5,22.3,4.0,No
1482,51,Male,Sales,Master's,3,37769.0,11.8,4.0,4,4,9.4,45.1,3.0,No
1118,38,Male,IT,Bachelor's,1,28931.0,4.4,4.0,3,5,24.5,34.0,5.0,No
1350,51,Female,Sales,Bachelor's,3,41330.0,9.4,3.0,1,5,16.2,32.7,1.0,No
1434,22,Female,Human Resources,High School,4,21689.0,9.9,3.0,3,3,20.0,26.1,4.0,No
1075,39,Male,Sales,PhD,2,50579.0,9.6,3.0,3,3,11.6,19.2,3.0,No
1401,36,Female,Finance,Bachelor's,1,26838.0,3.9,2.0,1,5,6.6,13.5,4.0,No
1748,17,Male,Human Resources,PhD,3,51728.0,4.7,5.0,2,2,8.4,36.3,4.0,No
1562,41,Male,Sales,Master's,4,42756.0,5.6,3.0,1,1,14.5,3.9,5.0,No
1411,25,Male,Research & Development,High School,2,23656.0,2.3,3.0,1,2,16.0,28.5,3.0,Yes
1334,29,Male,Research & Development,High School,1,18131.0,16.1,5.0,4,4,20.5,38.5,2.0,No
1696,31,Female,Sales,,2,42042.0,2.2,4.0,4,3,13.3,56.2,4.0,No
1639,43,Male,Research & Development,Bachelor's,2,34622.0,11.6,4.0,1,7,19.5,13.5,3.0,Yes
1358,40,Male,Research & Development,PhD,9,58305.0,5.9,2.0,4,3,10.9,45.3,5.0,No
1693,47,Female,Sales,Bachelor's,7,30673.0,2.5,3.0,4,5,15.9,9.7,3.0,No
1503,32,Female,Research & Development,Bachelor's,2,37020.0,8.8,3.0,4,1,13.6,14.1,5.0,No
1151,37,Female,Sales,High School,2,24787.0,4.1,2.0,4,5,13.7,0.0,3.0,No
1551,41,Female,Research & Development,Master's,5,42545.0,1.8,4.0,4,2,9.5,30.3,2.0,No
1593,54,Male,Research & Development,Master's,7,60622.0,19.5,3.0,4,2,16.7,57.3,3.0,No
1181,50,Male,Sales,Master's,7,42397.0,2.3,3.0,3,3,13.9,42.1,4.0,No
1292,39,Male,Sales,Bachelor's,1,38130.0,5.2,3.0,4,2,23.0,27.1,4.0,No
1269,38,Male,Research & Development,PhD,4,43336.0,0.5,4.0,4,6,3.0,9.1,2.0,No
1876,20,Male,Marketing,Bachelor's,2,31253.0,5.8,3.0,2,2,20.5,13.2,2.0,Yes
1342,41,Female,IT,High School,19,56815.0,13.2,3.0,3,6,10.9,,4.0,No
1321,45,Male,IT,Bachelor's,10,51542.0,4.2,3.0,1,2,6.0,4.2,3.0,No
1720,29,Male,IT,Bachelor's,6,,8.1,,3,4,21.4,0.0,5.0,No
1663,30,Female,Sales,,1,21455.0,11.8,3.0,4,3,16.3,34.7,3.0,No
1769,26,Female,Human Resources,High School,3,32184.0,8.6,,2,3,20.3,42.0,4.0,No
1846,41,Male,Sales,,7,45946.0,3.6,4.0,1,1,3.7,,3.0,No
1258,35,Male,Human Resources,Bachelor's,17,62879.0,1.0,1.0,3,1,12.4,6.6,3.0,Yes
1022,32,Female,Finance,Bachelor's,3,32722.0,0.5,5.0,4,1,12.5,28.0,4.0,No
1462,30,Female,Research & Development,Master's,10,64165.0,4.0,4.0,5,2,6.0,29.9,4.0,No
1807,37,Male,Research & Development,Bachelor's,5,18548.0,3.8,2.0,1,4,24.2,22.0,3.0,No
1563,38,Male,Research & Development,Master's,7,48180.0,28.6,2.0,1,1,14.0,16.9,3.0,No
1832,52,Female,Research & Development,Master's,11,57464.0,20.8,4.0,4,2,13.7,8.8,4.0,No
1594,23,Male,Research & Development,Bachelor's,5,,13.5,4.0,3,3,14.5,40.5,4.0,No
1119,52,Male,IT,High School,0,21707.0,6.1,4.0,1,2,22.4,19.7,4.0,No
1868,34,Female,Sales,,1,37504.0,7.9,2.0,5,1,9.4,39.5,5.0,Yes
1653,53,Male,Marketing,PhD,3,45833.0,1.7,2.0,3,1,29.6,35.7,5.0,Yes
1557,31,Male,IT,Bachelor's,4,39754.0,5.3,4.0,3,1,30.5,61.3,3.0,No
1175,26,Male,Sales,High School,1,32039.0,19.4,3.0,2,1,10.3,13.5,4.0,No
1098,29,Male,Finance,High School,3,29915.0,2.3,2.0,5,3,22.9,2.1,3.0,No
1298,35,Male,IT,High School,0,21418.0,4.3,3.0,5,7,15.1,16.0,3.0,No
1272,41,Female,Research & Development,High School,7,40665.0,34.2,3.0,4,3,17.2,33.8,1.0,No
1254,29,Male,Sales,High School,1,15000.0,5.0,2.0,2,6,9.5,49.9,3.0,No
1871,41,Male,Marketing,Master's,5,45774.0,18.8,5.0,2,5,14.3,18.9,4.0,No
1784,46,Male,Research & Development,Master's,12,62314.0,4.2,5.0,3,2,5.6,14.1,4.0,No
1110,22,Male,Research & Development,Master's,0,32142.0,30.3,3.0,1,4,9.1,34.0,,No
1156,54,Male,Sales,,5,37440.0,13.2,4.0,3,1,14.4,0.0,4.0,Yes
1128,27,Female,Research & Development,High School,4,23296.0,5.2,4.0,4,2,15.4,22.5,3.0,No
1863,37,Male,Sales,Bachelor's,5,36521.0,17.3,4.0,3,4,16.8,25.2,5.0,No
1577,50,Female,IT,Bachelor's,3,35175.0,0.5,3.0,1,2,12.7,43.8,3.0,No
1208,27,Male,Research & Development,Master's,9,53881.0,17.6,2.0,3,1,26.9,38.1,3.0,Yes
1063,39,Female,Research & Development,Bachelor's,2,31085.0,233.8,3.0,5,1,9.5,28.7,3.0,No
1306,29,Male,Sales,,5,22075.0,24.6,2.0,3,4,24.6,1.1,1.0,No
1138,46,,Research & Development,Master's,4,47028.0,4.2,5.0,4,2,9.0,28.2,3.0,No
1957,34,Female,IT,Bachelor's,52,43600.0,1.4,2.0,4,3,23.8,40.1,2.0,Yes
1585,44,Male,IT,PhD,3,40140.0,18.5,1.0,1,6,11.9,32.2,4.0,Yes
1468,55,Male,Finance,High School,4,34858.0,11.2,3.0,3,5,22.0,28.7,4.0,No
1596,34,Male,Sales,High School,1,25825.0,4.9,2.0,5,5,34.5,7.6,3.0,No
1021,36,Female,Research & Development,Bachelor's,16,42367.0,14.4,4.0,3,3,14.9,20.9,4.0,No
1929,36,Male,Human Resources,Bachelor's,6,38627.0,12.0,5.0,5,1,14.4,2.0,3.0,No
1483,39,Female,Sales,High School,2,21552.0,0.7,3.0,1,2,14.8,48.2,5.0,No
1881,40,Male,Sales,Bachelor's,4,32332.0,9.2,4.0,4,5,19.2,38.9,3.0,No
1221,36,Female,Research & Development,Master's,6,43061.0,18.1,2.0,5,6,17.8,31.8,3.0,No
1406,36,Male,Finance,Bachelor's,0,27424.0,11.4,3.0,2,5,14.6,33.9,5.0,No
1102,50,Male,Research & Development,Master's,3,43587.0,2.7,2.0,5,1,18.3,5.7,5.0,No
1849,32,Female,Research & Development,Bachelor's,4,28835.0,13.9,3.0,4,7,22.8,18.6,3.0,No
1790,37,Female,Finance,Master's,8,55901.0,17.3,4.0,3,5,16.4,16.5,3.0,No
1425,30,Male,Research & Development,Master's,11,55900.0,0.6,5.0,2,4,21.9,30.7,2.0,No
1140,60,Male,Research & Development,Master's,11,49759.0,6.7,4.0,3,6,18.0,39.1,4.0,No
1224,28,Male,Sales,Bachelor's,5,51694.0,2.1,3.0,3,4,28.2,41.1,2.0,No
1678,42,Female,Sales,PhD,0,36025.0,10.8,5.0,5,4,24.3,2.8,,Yes
1796,37,Male,Sales,,14,50784.0,6.5,2.0,4,1,24.4,27.1,4.0,No
1936,43,Male,Research & Development,PhD,11,73183.0,3.0,2.0,3,5,23.9,25.6,3.0,No
1394,42,Female,Human Resources,Master's,4,38081.0,7.5,2.0,2,5,22.7,19.1,3.0,No
1366,51,Male,Human Resources,High School,0,15000.0,16.5,3.0,2,4,17.8,19.6,,No
1978,34,Male,IT,Master's,5,50174.0,17.8,4.0,4,3,2.2,22.7,3.0,Yes
1289,35,Female,Sales,Master's,1,35607.0,10.9,2.0,1,6,19.3,58.7,5.0,Yes
1773,40,Male,Marketing,Bachelor's,22,70772.0,10.1,4.0,3,1,22.1,,4.0,No
1762,44,Male,Human Resources,Bachelor's,9,37150.0,3.6,2.0,4,3,23.5,32.4,3.0,No
1206,38,,Research & Development,Master's,5,43255.0,5.8,4.0,4,4,11.4,17.4,2.0,No
1946,35,Female,Human Resources,High School,5,33603.0,3.7,1.0,4,4,11.8,30.8,4.0,No
1171,32,Male,Human Resources,Bachelor's,0,29503.0,1.0,4.0,3,1,13.4,46.5,,No
1827,38,Female,Research & Development,High School,14,43605.0,14.3,,4,8,4.4,17.1,3.0,No
1990,34,Male,Research & Development,Master's,1,43779.0,12.7,3.0,4,2,8.1,55.6,3.0,Yes
1724,25,Female,Marketing,Master's,3,33525.0,3.9,3.0,3,5,18.1,41.0,3.0,No
1361,37,Male,Finance,Master's,1,38736.0,5.1,5.0,5,3,13.5,39.4,3.0,No
1015,42,Male,Research & Development,Bachelor's,4,,4.3,4.0,4,8,3.6,13.4,3.0,No
1602,33,Male,Research & Development,Master's,1,,17.8,3.0,3,3,29.7,14.9,3.0,Yes
1062,35,Male,Sales,,2,27709.0,20.8,3.0,2,6,19.4,39.1,4.0,No
1465,28,Female,Research & Development,Master's,1,45551.0,12.5,5.0,4,3,24.7,3.7,2.0,No
1025,34,Female,Sales,Bachelor's,4,40570.0,24.6,4.0,5,5,8.1,32.5,4.0,No
1182,40,Male,Sales,Bachelor's,3,32163.0,6.5,3.0,1,4,97.3,35.8,4.0,No
1641,25,Female,Research & Development,Master's,3,45759.0,0.7,2.0,5,5,10.3,37.9,4.0,No
1084,35,Male,Sales,Bachelor's,4,41478.0,12.6,4.0,2,5,12.0,13.2,5.0,No
1125,46,Female,Sales,,11,50220.0,0.9,1.0,2,4,8.8,32.7,4.0,No
1644,40,Female,Marketing,Bachelor's,2,32471.0,6.7,4.0,4,3,15.7,33.0,3.0,Yes
1536,44,Male,Sales,Master's,17,62685.0,24.0,4.0,3,3,35.2,62.9,3.0,No
1383,24,Male,Research & Development,Bachelor's,3,29039.0,3.4,4.0,5,4,15.8,24.9,3.0,No
1529,40,Female,Research & Development,High School,7,31404.0,6.9,3.0,3,6,15.8,45.3,2.0,No
1973,40,Male,Sales,High School,1,18057.0,1.4,4.0,4,1,6.1,24.6,4.0,Yes
1288,38,,Research & Development,Master's,10,,1.8,3.0,3,2,21.9,23.3,4.0,No
1396,39,Female,IT,Bachelor's,5,42025.0,3.1,4.0,4,3,11.5,35.8,4.0,No
1621,34,Male,Finance,High School,3,31127.0,6.2,3.0,3,6,12.7,11.5,2.0,No
1078,39,Female,Sales,Master's,6,55771.0,23.0,2.0,4,3,29.8,23.0,3.0,No
1185,42,Male,Research & Development,Bachelor's,1,34568.0,12.6,2.0,3,1,12.9,32.1,4.0,No
1737,45,Female,IT,PhD,3,48023.0,14.0,2.0,3,5,19.2,53.2,4.0,No
1056,32,Male,Research & Development,Master's,14,,1.6,3.0,3,5,14.0,28.2,4.0,No
1649,39,Male,Human Resources,Bachelor's,5,47053.0,24.9,4.0,2,3,12.8,24.1,3.0,No
1537,33,Male,Research & Development,High School,12,39267.0,29.0,3.0,4,5,12.3,46.3,3.0,No
1864,39,Male,Human Resources,High School,3,29035.0,7.8,1.0,3,5,25.6,26.4,2.0,Yes
1166,30,Male,Sales,Master's,5,42753.0,0.5,4.0,4,6,15.8,32.3,2.0,No
1437,33,Male,IT,Bachelor's,10,46395.0,,4.0,3,6,17.5,26.0,2.0,No
1931,38,Male,Research & Development,High School,15,48641.0,1.4,2.0,5,1,17.4,35.5,3.0,No
1805,50,Female,Sales,Bachelor's,15,,1.5,3.0,5,2,20.4,40.1,4.0,No
1268,41,Female,Research & Development,Bachelor's,5,44554.0,19.5,5.0,5,2,2.8,19.7,3.0,No
1116,33,Male,Marketing,,1,19738.0,16.6,4.0,2,2,2.2,19.2,4.0,No
1171,32,Male,Human Resources,Bachelor's,0,29503.0,1.0,4.0,3,1,13.4,46.5,,No
1311,49,Female,Sales,Master's,11,60990.0,7.6,4.0,3,2,20.9,52.4,1.0,No
1668,42,Male,Research & Development,Bachelor's,6,56010.0,17.7,3.0,2,4,19.6,28.8,2.0,No
1476,35,Male,Research & Development,PhD,10,72038.0,24.2,4.0,2,2,17.1,,3.0,No
1421,39,Male,Research & Development,Master's,0,34256.0,11.9,4.0,4,2,33.6,24.4,5.0,No
1199,38,,Finance,High School,3,26900.0,22.2,3.0,3,4,4.4,28.9,3.0,No
1820,28,Female,Marketing,Bachelor's,7,42274.0,6.5,4.0,3,4,16.6,46.9,2.0,No
1931,38,Male,Research & Development,High School,15,48641.0,1.4,2.0,5,1,17.4,35.5,3.0,No
1999,39,Male,Sales,Bachelor's,2,37772.0,3.3,3.0,4,7,18.3,27.9,3.0,No
1792,27,Male,Research & Development,High School,1,26924.0,12.6,4.0,1,6,6.2,51.9,2.0,Yes
1219,37,Female,Human Resources,Bachelor's,14,54648.0,31.6,2.0,1,3,27.1,,3.0,No
1212,26,Female,Sales,High School,3,21969.0,8.6,4.0,4,2,7.4,25.2,2.0,No
1771,54,Female,Sales,Bachelor's,1,50879.0,5.7,4.0,5,5,22.4,16.3,3.0,No
1131,34,Female,Sales,Master's,12,58275.0,11.5,4.0,1,3,5.7,36.8,3.0,No
1395,44,Male,Marketing,Master's,5,55604.0,10.3,2.0,5,2,15.7,10.2,1.0,No
1708,43,Male,Sales,Master's,25,,19.0,4.0,2,3,31.0,206.6,2.0,No
1200,37,Male,Marketing,High School,4,29480.0,8.0,,2,6,12.5,34.0,5.0,No
1055,34,Male,Research & Development,Master's,1,42348.0,,3.0,5,2,7.6,,5.0,No
1565,46,Male,Finance,Bachelor's,3,43953.0,2.8,3.0,3,5,19.4,1.0,5.0,No
1603,49,Female,Sales,Bachelor's,3,36385.0,10.8,2.0,3,3,12.5,27.9,3.0,No
1549,44,Male,Sales,Master's,4,31848.0,12.4,5.0,4,1,14.9,39.9,1.0,No
1980,42,Male,Sales,Bachelor's,1,30335.0,3.2,3.0,5,4,26.6,16.3,3.0,No
1484,43,Male,Research & Development,Bachelor's,7,39064.0,2.0,3.0,2,3,21.1,19.1,5.0,No
1569,43,Female,Marketing,Bachelor's,4,41042.0,19.3,3.0,2,3,18.8,37.4,3.0,No
1942,46,Male,Marketing,High School,6,32954.0,2.2,2.0,4,2,17.6,0.0,5.0,No
1981,42,Male,Marketing,Bachelor's,1,31679.0,3.6,3.0,3,5,15.4,33.1,3.0,No
1709,36,Female,IT,Bachelor's,4,38665.0,0.5,3.0,4,5,10.5,38.3,3.0,No
1330,33,Male,Marketing,Bachelor's,1,25831.0,4.8,3.0,5,3,11.1,17.5,5.0,Yes
1730,28,Male,Sales,High School,0,19722.0,17.9,4.0,2,1,15.4,49.0,,No
1493,35,Male,IT,High School,6,28554.0,21.6,2.0,4,1,21.5,6.1,4.0,No
1775,38,Male,Sales,Master's,5,43739.0,1.8,2.0,2,3,33.9,19.6,2.0,No
1054,35,Male,Marketing,Bachelor's,1,21891.0,26.9,1.0,3,4,21.2,20.2,3.0,Yes
1398,40,Male,Human Resources,PhD,1,46411.0,0.6,3.0,4,3,7.9,12.0,4.0,No
1555,37,,Research & Development,Bachelor's,4,29848.0,3.6,4.0,2,6,21.5,29.5,4.0,No
1616,26,Male,Finance,High School,8,35654.0,12.7,3.0,4,1,13.2,13.8,4.0,No
1148,37,Male,IT,Bachelor's,0,24733.0,5.7,4.0,5,2,22.8,22.9,4.0,No
1280,40,Male,Research & Development,Bachelor's,1,28551.0,8.3,4.0,4,3,2.2,32.2,4.0,No
1966,26,Female,IT,Bachelor's,1,34512.0,8.3,1.0,3,2,26.2,15.2,5.0,No
1255,36,Male,Research & Development,Bachelor's,18,56397.0,4.3,4.0,3,2,8.8,16.0,3.0,No
1354,45,Female,Marketing,Bachelor's,8,45208.0,7.0,3.0,4,5,10.5,26.9,3.0,No
1715,36,Male,Sales,Bachelor's,3,34283.0,10.6,3.0,4,3,18.8,28.0,3.0,No
1393,34,Male,Marketing,Master's,10,51990.0,8.6,2.0,3,4,17.4,22.9,3.0,No
1791,31,Male,Marketing,Bachelor's,1,35722.0,,3.0,4,3,19.5,,4.0,No
1231,25,Female,Sales,High School,7,182273.0,12.6,4.0,5,2,4.0,44.3,4.0,No
1147,32,Male,Finance,Bachelor's,14,49067.0,19.6,4.0,4,4,6.7,29.9,3.0,No
1928,42,Male,Sales,Master's,4,51992.0,6.8,4.0,1,3,18.3,51.4,3.0,Yes
1875,21,Female,Research & Development,Master's,3,58570.0,8.3,4.0,4,4,8.5,6.2,3.0,No
1810,40,,Sales,PhD,9,60626.0,7.8,2.0,2,4,14.3,39.3,4.0,No
1664,35,Female,Research & Development,High School,9,37557.0,8.5,4.0,4,8,23.1,26.0,4.0,No
1797,47,Female,Research & Development,Master's,8,51621.0,5.8,3.0,5,2,20.8,26.0,3.0,No
1964,37,Female,Finance,Bachelor's,1,32150.0,5.4,1.0,2,1,24.9,27.0,3.0,No
1302,24,Male,IT,,4,41911.0,1.4,4.0,5,1,9.8,32.7,3.0,No
1400,32,Male,Marketing,High School,14,53149.0,0.7,2.0,4,2,20.5,30.0,1.0,No
1163,57,Female,Research & Development,High School,6,,15.0,2.0,1,1,13.0,24.8,4.0,No
1987,25,Male,Marketing,,2,29266.0,18.1,3.0,4,4,35.3,23.1,3.0,No
1780,26,Female,Sales,,3,43624.0,0.8,5.0,3,2,17.1,42.4,2.0,No
1348,43,Male,Sales,Master's,20,,2.4,3.0,3,3,16.4,214.5,4.0,No
1281,42,Female,Research & Development,High School,2,37869.0,10.8,4.0,3,4,22.7,6.5,4.0,No
1882,47,Female,Sales,Bachelor's,24,72150.0,12.4,4.0,5,2,25.5,14.0,2.0,No
1815,32,Female,Research & Development,Bachelor's,7,52512.0,19.1,3.0,4,2,21.0,5.2,4.0,No
1010,30,Male,Finance,Master's,6,50327.0,4.1,3.0,3,2,17.5,39.5,3.0,No
1271,32,Female,Research & Development,High School,51,24352.0,1.7,3.0,2,3,18.7,36.8,,No
1719,35,Female,Sales,Master's,11,60117.0,1.6,4.0,5,3,17.6,11.5,3.0,No
1495,35,Male,Human Resources,Bachelor's,5,38796.0,2.7,1.0,1,3,25.2,32.8,3.0,No
1286,34,Male,Sales,High School,3,22982.0,10.1,2.0,5,5,22.2,9.6,4.0,No
1445,35,Male,Finance,Bachelor's,0,37054.0,35.7,5.0,3,8,12.2,0.0,3.0,No
1852,34,Male,Sales,PhD,11,65935.0,18.5,5.0,4,4,17.7,28.0,4.0,No
1979,25,Male,Marketing,High School,7,30447.0,33.1,4.0,3,6,16.5,32.4,1.0,No
1818,40,Male,IT,Bachelor's,2,40823.0,5.1,3.0,3,2,9.0,20.0,3.0,No
1100,30,Female,Research & Development,Master's,2,48171.0,7.3,3.0,2,1,7.2,47.6,3.0,No
1626,33,Male,IT,Bachelor's,5,33925.0,10.6,2.0,3,3,25.8,38.7,3.0,No
1496,46,Male,Human Resources,High School,28,80176.0,0.5,5.0,3,4,13.5,0.0,2.0,No
1433,37,Male,Human Resources,Bachelor's,5,,5.0,3.0,2,3,4.4,40.2,4.0,No
1962,39,,Marketing,,6,35968.0,2.4,3.0,2,3,15.0,19.4,4.0,No
1167,46,Male,Finance,PhD,16,80724.0,0.6,1.0,3,2,21.5,25.9,4.0,No
1162,31,Male,Sales,Bachelor's,3,45279.0,0.5,4.0,3,3,24.2,28.3,5.0,No
1137,41,Female,Sales,Master's,5,59182.0,12.0,4.0,2,8,23.0,32.7,2.0,No
1648,22,Female,Sales,Bachelor's,4,47339.0,7.3,2.0,5,1,12.2,33.1,5.0,No
1017,41,Male,Sales,,14,49238.0,6.9,4.0,2,2,4.2,31.6,4.0,No
1114,25,Male,IT,Master's,7,37885.0,7.0,3.0,5,1,23.3,36.9,4.0,No
1008,35,Female,Human Resources,Master's,2,37620.0,5.2,4.0,4,5,22.3,31.8,4.0,No
1196,30,Male,Research & Development,Bachelor's,0,30013.0,23.0,5.0,4,4,11.6,28.5,3.0,No
1642,44,Female,Research & Development,Bachelor's,2,36367.0,17.3,2.0,4,2,13.1,49.4,3.0,No
1174,27,Male,Sales,High School,3,30279.0,0.5,3.0,4,3,18.7,35.1,3.0,No
1885,28,Female,Marketing,,3,30776.0,0.5,2.0,5,5,16.2,40.3,4.0,No
1918,43,Female,Sales,PhD,2,,7.5,3.0,5,2,11.6,18.8,3.0,No
1995,37,Female,Research & Development,Master's,1,34468.0,15.6,3.0,5,4,13.3,36.9,3.0,No
1474,40,Male,Research & Development,Master's,6,296.0,5.5,5.0,4,1,8.5,,3.0,No
1205,20,Male,Research & Development,High School,2,28570.0,4.0,5.0,4,3,8.9,23.7,5.0,Yes
1853,46,Male,Finance,Master's,1,37537.0,6.2,5.0,4,3,3.0,27.8,3.0,No
1657,30,Female,Research & Development,Bachelor's,5,41817.0,14.1,4.0,4,5,6.3,25.0,4.0,No
1486,36,Male,Sales,Bachelor's,1,33739.0,6.4,3.0,4,2,7.9,14.4,2.0,No
1913,43,Female,IT,High School,5,21106.0,5.2,3.0,4,6,20.7,31.2,4.0,No
1695,31,Male,IT,Master's,7,45524.0,0.9,2.0,5,3,6.6,40.6,3.0,No
1004,46,Male,Human Resources,Bachelor's,11,50280.0,7.9,,3,3,17.4,44.1,3.0,No
1378,20,Female,Research & Development,Bachelor's,2,35926.0,20.7,4.0,5,4,2.2,60.8,3.0,No
1752,35,Male,Marketing,PhD,7,54630.0,3.6,3.0,4,6,27.4,1.0,3.0,No
1359,30,Male,Sales,High School,0,15798.0,4.5,1.0,4,5,18.9,34.0,,Yes
1923,39,Male,Sales,PhD,16,83463.0,12.8,4.0,4,5,7.3,53.5,3.0,No
1277,31,Female,Sales,PhD,3,51530.0,4.1,3.0,4,7,25.8,71.0,4.0,No
1267,39,Male,Marketing,Bachelor's,10,51609.0,16.5,3.0,4,4,14.8,,3.0,No
1637,36,,Research & Development,Bachelor's,9,40245.0,1.3,3.0,5,5,12.7,36.6,3.0,No
1230,35,Male,Research & Development,Bachelor's,15,56638.0,9.8,3.0,2,4,24.5,47.4,3.0,No
1768,33,Male,Sales,Bachelor's,2,34514.0,31.0,5.0,3,5,16.3,15.1,5.0,No
1733,43,Male,Marketing,Bachelor's,2,23196.0,5.4,3.0,4,8,17.1,33.6,4.0,Yes
1446,25,Male,Research & Development,Bachelor's,1,21221.0,2.7,5.0,1,6,21.2,48.1,3.0,Yes
1374,46,Female,Research & Development,Bachelor's,0,42136.0,2.6,,4,2,28.2,59.7,,No
1611,29,Male,IT,Bachelor's,4,29256.0,8.9,3.0,4,4,28.9,33.0,4.0,No
1628,50,Female,Research & Development,PhD,9,66525.0,0.5,3.0,3,2,16.1,42.8,3.0,No
1117,40,Female,Sales,Bachelor's,3,42720.0,18.4,2.0,1,6,23.0,28.8,3.0,No
1223,40,Female,IT,Bachelor's,5,37868.0,10.3,3.0,2,4,4.4,4.0,4.0,No
1459,41,Female,Finance,Bachelor's,21,75523.0,,3.0,4,3,12.0,26.6,4.0,No
1201,41,Male,IT,High School,4,37326.0,14.3,5.0,4,3,16.7,,3.0,No
1550,44,Female,Sales,Master's,6,42256.0,1.5,5.0,2,6,8.7,31.1,4.0,No
1950,20,Female,Sales,Bachelor's,2,32627.0,35.5,2.0,3,3,7.1,11.3,4.0,No
1343,39,Female,Human Resources,Master's,4,53971.0,15.5,3.0,1,2,12.5,41.0,4.0,Yes
1826,38,Female,Research & Development,Bachelor's,13,,12.0,3.0,4,6,28.3,49.9,3.0,No
1789,28,Female,Finance,High School,5,223632.0,9.7,3.0,4,1,10.4,61.2,3.0,No
1786,40,Female,Research & Development,Master's,1,29110.0,7.9,5.0,3,1,6.3,16.8,5.0,No
1989,35,Male,Research & Development,Master's,7,41699.0,4.9,4.0,5,3,12.3,48.6,3.0,No
1392,38,Male,Sales,High School,5,30518.0,8.6,3.0,5,2,9.8,25.9,3.0,Yes
1688,51,Female,Research & Development,PhD,3,50930.0,6.4,5.0,4,3,12.3,32.9,3.0,No
1518,32,Male,Marketing,Bachelor's,11,48017.0,24.9,3.0,3,3,4.4,43.7,2.0,No
1480,60,Female,Sales,,1,,13.0,4.0,2,1,8.1,23.1,3.0,No
1035,44,Male,Research & Development,Bachelor's,5,40654.0,23.8,3.0,4,3,21.6,5.6,3.0,No
1745,39,Male,Sales,PhD,21,83418.0,2.3,2.0,3,2,20.1,34.1,3.0,No
1009,38,Female,Finance,Bachelor's,5,42759.0,44.0,,3,2,24.0,18.1,3.0,No
1527,51,Female,Marketing,,5,33086.0,6.1,4.0,3,2,10.6,26.4,2.0,No
1988,41,Male,Research & Development,Bachelor's,1,20762.0,5.0,3.0,4,1,6.4,18.7,5.0,No
1320,27,Female,Research & Development,Bachelor's,9,42484.0,1.8,2.0,5,4,17.8,48.0,3.0,No
1441,36,Male,Sales,Bachelor's,1,26829.0,19.1,5.0,5,4,14.9,30.0,3.0,No
1526,34,Female,Human Resources,Master's,1,45120.0,0.5,4.0,2,1,27.0,29.3,3.0,No
1914,32,Male,Finance,Master's,8,50675.0,18.8,5.0,3,1,19.9,16.1,4.0,No
1349,24,Female,Sales,,2,28743.0,9.0,5.0,4,4,21.6,11.4,4.0,No
1095,23,Female,Sales,Master's,5,40704.0,5.4,2.0,2,5,27.0,21.4,5.0,No
1544,36,Female,Sales,Master's,6,45196.0,9.1,3.0,2,3,19.1,17.8,2.0,No
1703,29,Male,Research & Development,Bachelor's,5,37965.0,5.2,4.0,4,4,2.8,9.0,4.0,No
1210,35,Male,Research & Development,High School,4,38898.0,1.5,3.0,2,2,32.4,7.9,3.0,No
1176,40,Female,Finance,Bachelor's,5,40581.0,19.9,1.0,4,4,14.2,35.6,3.0,No
1481,40,,IT,Master's,13,67513.0,12.9,4.0,4,2,7.6,25.6,4.0,No
1282,22,Male,Sales,Bachelor's,1,28044.0,4.6,2.0,4,3,24.9,16.1,3.0,No
1107,29,Female,Research & Development,High School,6,493.0,5.1,4.0,3,2,18.6,190.5,2.0,No
1618,40,Male,IT,Bachelor's,2,38787.0,2.9,3.0,4,3,22.9,21.4,3.0,No
1252,41,Male,IT,Bachelor's,2,23693.0,6.3,5.0,2,4,21.8,1.2,4.0,No
1953,42,Female,Research & Development,Bachelor's,5,37562.0,30.4,3.0,2,1,25.9,38.3,2.0,No
1390,25,Male,IT,High School,7,35327.0,,1.0,4,3,32.8,15.4,5.0,No
1682,44,Male,Research & Development,Master's,0,37948.0,5.2,4.0,4,3,12.9,12.7,,No
1686,34,Male,Research & Development,Bachelor's,8,,15.6,3.0,5,4,20.1,35.2,4.0,No
1328,37,Female,Research & Development,,0,20845.0,25.6,2.0,4,3,6.6,156.8,,No
1013,39,Female,Research & Development,Bachelor's,14,55955.0,0.5,2.0,3,1,20.2,41.5,2.0,No
1831,42,Female,Sales,Bachelor's,2,30493.0,3.1,3.0,3,7,8.7,27.8,3.0,No
1625,42,Male,Sales,High School,2,22753.0,3.5,5.0,2,6,13.6,14.7,5.0,No
1809,35,Female,Sales,Bachelor's,2,36998.0,4.2,4.0,5,4,8.6,10.1,5.0,No
1214,34,Female,Research & Development,Master's,1,28464.0,8.0,3.0,5,2,12.8,11.8,4.0,Yes
1217,43,Male,IT,Bachelor's,0,43391.0,15.7,3.0,2,4,29.0,5.0,,No
1939,46,Male,Finance,Bachelor's,0,40236.0,4.8,5.0,3,1,19.1,24.6,4.0,No
1614,42,Female,Marketing,Bachelor's,0,38047.0,24.7,4.0,4,1,2.2,43.2,3.0,No
1423,33,Male,Sales,Master's,4,50584.0,5.1,2.0,4,1,18.6,43.9,3.0,No
1568,32,Female,Research & Development,Bachelor's,6,44870.0,14.0,2.0,2,3,27.1,45.7,3.0,Yes
1422,30,Male,Human Resources,PhD,1,50255.0,0.5,3.0,4,8,12.5,13.5,3.0,No
1069,46,Female,Finance,Master's,6,55361.0,13.7,4.0,2,1,29.2,32.6,3.0,No
1554,56,Male,Research & Development,Master's,2,38519.0,5.9,1.0,2,3,38.2,33.1,4.0,No
1086,42,Female,Sales,,2,15692.0,19.4,4.0,5,1,29.4,42.3,3.0,No
1770,53,Female,Sales,High School,0,22101.0,6.3,3.0,2,3,25.7,20.0,,Yes
1467,35,Female,Marketing,Bachelor's,8,37135.0,20.1,4.0,4,3,13.9,12.1,5.0,No
1430,42,Female,Sales,Master's,4,41188.0,5.5,5.0,3,7,9.6,16.9,4.0,No
1418,50,Female,Marketing,,3,31901.0,0.5,2.0,4,4,12.4,44.9,4.0,No
1751,38,,Marketing,Master's,1,39922.0,18.2,1.0,5,1,20.7,51.2,1.0,No
1197,44,Female,Marketing,,2,17776.0,3.7,3.0,4,3,10.9,38.2,3.0,No
1848,46,Male,Research & Development,Master's,4,42380.0,18.8,5.0,4,4,19.5,29.0,4.0,No
1285,28,Female,IT,High School,3,29415.0,5.2,4.0,4,3,5.0,16.5,3.0,No
1112,40,Female,Sales,Master's,8,50628.0,6.5,4.0,5,4,19.7,20.2,2.0,No
1545,36,Female,Finance,High School,2,29140.0,2.6,3.0,4,2,4.4,35.7,4.0,No
1888,34,Male,Sales,Bachelor's,2,30106.0,3.8,3.0,4,4,25.2,43.7,4.0,No
1917,51,Male,IT,PhD,7,72707.0,3.6,5.0,3,2,4.5,33.0,2.0,No
1500,25,Male,Finance,Bachelor's,7,53147.0,,3.0,3,2,13.4,13.5,5.0,No
1291,36,Female,Finance,Master's,6,53733.0,9.4,2.0,5,2,21.6,10.2,5.0,No
1389,40,Male,Sales,Bachelor's,1,33003.0,5.2,1.0,2,4,16.0,45.2,3.0,No
1360,37,Female,Human Resources,Master's,4,48152.0,,5.0,2,5,2.3,43.1,3.0,No
1407,37,Male,Sales,,19,55397.0,4.4,4.0,5,2,12.1,,4.0,No
1365,37,Male,Research & Development,Bachelor's,16,66779.0,5.4,4.0,3,3,15.5,35.1,3.0,No
1525,51,,Sales,Bachelor's,11,53612.0,7.2,4.0,2,2,14.0,25.6,3.0,No
1575,40,Male,Research & Development,Bachelor's,4,,0.8,3.0,3,3,4.4,34.3,1.0,No
1763,45,Male,Research & Development,Master's,5,45552.0,17.9,2.0,2,2,20.7,45.5,3.0,No
1113,33,Female,Finance,Master's,3,45549.0,9.1,4.0,3,6,7.2,50.0,2.0,No
1103,35,Male,IT,High School,3,27293.0,9.2,3.0,4,4,17.8,11.4,3.0,No
1415,35,Male,Human Resources,Master's,0,48888.0,0.5,3.0,3,6,4.4,40.5,,No
1590,53,Male,Research & Development,Master's,1,43414.0,19.5,2.0,4,3,27.7,19.6,4.0,No
1191,54,Female,Sales,Master's,7,57074.0,181.3,1.0,3,2,18.0,17.2,4.0,Yes
1909,39,Male,Sales,Bachelor's,20,73233.0,4.3,4.0,1,4,13.9,54.2,5.0,No
1702,36,Female,Sales,Bachelor's,4,33911.0,4.2,2.0,1,1,10.9,39.8,3.0,No
1053,25,Female,Research & Development,Bachelor's,1,22256.0,21.2,3.0,1,1,4.4,29.2,3.0,No
1029,42,Female,Sales,Master's,5,48175.0,1.3,2.0,3,3,10.7,,3.0,No
1066,45,Male,Marketing,PhD,13,64257.0,6.1,2.0,4,3,14.7,14.5,3.0,No
1782,37,,Research & Development,,4,35183.0,13.3,3.0,4,5,31.5,18.8,3.0,No
1894,38,Male,Research & Development,High School,0,27773.0,0.5,2.0,4,1,26.5,29.9,3.0,No
1595,26,Male,Sales,High School,1,29724.0,2.9,3.0,5,2,10.1,29.8,4.0,No
1309,43,Male,Research & Development,High School,5,36420.0,4.2,5.0,2,3,18.2,167.5,4.0,No
1387,42,Male,Sales,Bachelor's,2,40389.0,24.6,4.0,2,6,23.5,0.0,4.0,No
1355,48,Male,Sales,Bachelor's,1,29933.0,1.3,4.0,5,1,5.0,40.2,3.0,No
1746,46,Male,Sales,,1,20129.0,7.3,4.0,5,1,13.2,10.6,5.0,Yes
1160,27,Female,Human Resources,Bachelor's,1,31863.0,0.5,3.0,4,1,12.5,26.4,5.0,No
1187,40,Male,Research & Development,Master's,12,62413.0,17.8,5.0,5,7,11.9,17.9,2.0,No
1245,57,Female,Marketing,High School,1,16769.0,9.8,2.0,4,3,12.8,24.9,5.0,No
1798,48,Male,Research & Development,Bachelor's,3,37729.0,9.2,1.0,3,1,33.4,18.6,5.0,Yes
1916,48,Female,Sales,,2,36364.0,6.7,4.0,3,2,34.9,43.2,3.0,No
1158,47,,Marketing,Master's,1,38672.0,13.2,3.0,3,1,21.7,57.4,3.0,Yes
1127,51,Female,Sales,PhD,8,58287.0,13.6,5.0,2,3,18.4,34.7,3.0,No
1323,49,Male,Research & Development,Bachelor's,5,27925.0,4.7,4.0,5,3,11.7,22.4,5.0,No
1795,22,Male,Marketing,Bachelor's,4,28194.0,3.1,2.0,3,3,22.9,46.6,4.0,Yes
1213,38,Male,Human Resources,Master's,2,330.0,4.0,1.0,3,4,26.4,30.7,4.0,No
1104,45,Male,IT,Master's,5,45363.0,1.8,4.0,5,3,2.2,33.9,3.0,No
1774,50,Male,Sales,PhD,6,48537.0,1.7,5.0,5,1,13.4,20.2,3.0,No
1521,29,Female,Marketing,Bachelor's,2,31281.0,4.4,2.0,5,1,25.4,10.1,3.0,No
1908,27,Male,IT,High School,4,36395.0,4.5,2.0,3,4,19.9,21.0,2.0,Yes
1229,30,Female,Sales,Bachelor's,12,51121.0,9.3,4.0,2,4,2.2,22.2,3.0,No
1932,42,,Research & Development,Bachelor's,5,43695.0,8.6,3.0,3,2,6.9,20.6,3.0,No
1183,34,Male,Finance,High School,0,20060.0,15.4,4.0,3,1,7.9,11.1,4.0,No
1713,29,Male,Sales,Master's,1,39227.0,5.6,3.0,4,3,5.7,30.3,4.0,No
1739,23,Female,Sales,Master's,5,44890.0,1.2,4.0,4,1,4.2,60.9,4.0,No
1198,34,Male,Sales,Bachelor's,6,50563.0,4.1,3.0,4,1,6.6,40.3,1.0,No
1760,42,Female,IT,Bachelor's,2,35897.0,0.5,3.0,4,5,18.1,29.7,4.0,No
1463,24,Female,Sales,Bachelor's,6,30941.0,9.1,4.0,3,2,26.0,16.6,1.0,No
1452,41,Female,IT,,10,57418.0,7.1,2.0,3,3,18.7,,4.0,No
1969,46,Female,Marketing,,0,40244.0,1.5,5.0,5,4,3.7,6.1,,No
1912,42,Male,Research & Development,Bachelor's,1,28155.0,7.8,4.0,3,4,15.0,42.3,3.0,Yes
1951,22,Female,Sales,High School,4,30013.0,11.9,4.0,3,4,15.4,19.7,3.0,No
1487,31,Male,Research & Development,Master's,8,234867.0,0.5,4.0,4,2,24.6,40.4,4.0,Yes
1051,41,Female,Sales,Bachelor's,4,39771.0,15.9,3.0,4,5,15.5,0.0,3.0,No
1948,20,Female,Sales,Bachelor's,2,33908.0,3.2,5.0,1,1,11.1,9.8,3.0,No
1416,40,Female,Marketing,Master's,11,57832.0,7.9,3.0,4,3,10.3,30.0,3.0,Yes
1677,59,Male,Sales,Master's,3,54909.0,,3.0,4,1,33.5,26.9,5.0,No
1367,31,Male,IT,Master's,1,41320.0,3.1,3.0,5,4,8.2,21.2,2.0,No
1535,24,Male,Finance,High School,6,28577.0,4.0,3.0,4,2,15.7,48.0,4.0,No
1235,31,Male,IT,High School,0,21991.0,34.1,,5,2,25.4,39.8,3.0,No
1490,44,Female,IT,Bachelor's,7,46967.0,1.4,3.0,5,1,104.4,36.2,5.0,No
1958,58,Male,Research & Development,,0,31747.0,8.4,3.0,3,3,16.5,25.7,,Yes
1582,28,,Sales,Bachelor's,10,50143.0,5.9,,4,7,9.1,21.7,3.0,No
1402,40,Male,Human Resources,Bachelor's,3,35371.0,6.2,3.0,2,2,8.5,30.7,2.0,Yes
1699,30,Male,Research & Development,Bachelor's,7,34018.0,4.9,,5,4,18.4,47.1,2.0,No
1439,32,Male,Research & Development,Bachelor's,6,32264.0,15.8,5.0,4,5,14.2,44.4,4.0,No
1528,39,Female,Marketing,Master's,1,,3.0,2.0,4,3,6.6,21.1,3.0,No
1727,41,Male,IT,Bachelor's,0,35098.0,4.2,2.0,5,1,125.1,24.2,,No
1369,40,Male,IT,Master's,4,36040.0,12.3,1.0,1,1,27.0,23.7,4.0,No
1152,29,Male,IT,Bachelor's,0,30219.0,16.0,2.0,3,4,32.4,13.4,2.0,Yes
1960,42,Male,Research & Development,Bachelor's,20,69446.0,1.2,3.0,4,1,9.5,10.7,4.0,No
1856,38,Male,Sales,,4,25826.0,0.5,5.0,3,2,9.8,38.6,5.0,No
1030,42,Male,Research & Development,Bachelor's,1,21531.0,0.5,3.0,3,4,25.6,39.4,3.0,No
1776,40,Male,Sales,Bachelor's,9,,10.6,4.0,3,5,23.0,12.0,3.0,No
1239,28,Female,IT,Bachelor's,2,36668.0,9.7,5.0,2,4,14.4,14.5,2.0,No
1813,40,Female,Sales,Master's,0,38795.0,4.9,3.0,4,3,12.5,35.5,,No
1959,38,Male,Research & Development,Bachelor's,0,247624.0,5.1,2.0,3,3,16.7,43.8,3.0,No
1734,36,Male,IT,Master's,6,,2.0,4.0,1,2,2.2,33.7,3.0,No
1324,45,Female,Finance,Master's,2,42340.0,0.8,5.0,2,4,27.4,38.6,4.0,No
1629,29,Male,Sales,Bachelor's,11,52742.0,0.5,,2,3,4.4,,4.0,No
1949,41,Male,Human Resources,Bachelor's,4,35233.0,1.7,5.0,3,3,9.3,14.1,4.0,Yes
1862,25,Female,Finance,High School,1,28426.0,1.8,2.0,2,3,26.8,25.6,3.0,No
1380,34,Male,Research & Development,Bachelor's,5,40822.0,14.6,4.0,3,1,22.7,0.0,4.0,No
1559,27,Male,Sales,High School,4,29274.0,1.9,3.0,4,5,16.6,19.5,4.0,No
1516,41,Male,Research & Development,Master's,1,42031.0,13.1,1.0,4,2,21.3,18.8,2.0,No
1031,57,Female,Finance,Bachelor's,0,41403.0,6.1,3.0,4,6,13.1,11.1,3.0,No
1667,23,Female,Research & Development,High School,5,33836.0,5.9,4.0,4,6,22.4,57.1,3.0,No
1984,45,Female,Research & Development,High School,9,31471.0,23.7,2.0,3,2,28.8,33.5,3.0,No
1351,41,,IT,Master's,10,63149.0,3.9,5.0,2,2,5.7,39.0,4.0,No
1955,32,Male,Human Resources,PhD,5,51808.0,2.8,4.0,1,3,17.9,22.6,4.0,No
2000,45,Male,Finance,High School,2,15000.0,7.2,4.0,1,2,16.4,9.7,4.0,No
1052,44,Female,Research & Development,Bachelor's,14,56608.0,50.8,4.0,3,2,20.4,,1.0,No
1508,42,Male,Research & Development,Master's,1,43149.0,4.8,3.0,3,2,29.9,42.9,4.0,No
1037,37,Female,Research & Development,PhD,1,54764.0,11.1,2.0,5,5,20.8,36.1,3.0,No
1610,43,,Research & Development,High School,22,,276.4,3.0,1,3,24.0,43.0,3.0,No
1079,44,Female,Human Resources,Master's,5,51924.0,6.1,4.0,5,3,5.8,13.9,3.0,No
1014,48,Female,Sales,PhD,6,56343.0,14.7,4.0,4,2,16.6,28.3,4.0,No
1676,41,Female,Finance,Master's,0,42044.0,3.7,4.0,1,4,16.7,50.8,,No
1059,30,Male,Sales,PhD,2,43974.0,1.1,4.0,4,7,16.0,52.6,4.0,No
1576,25,Male,IT,Bachelor's,1,30434.0,7.9,2.0,2,5,133.8,9.0,3.0,No
1234,49,Male,Marketing,PhD,5,60699.0,19.3,2.0,4,3,21.7,15.4,3.0,No
1777,28,Male,IT,High School,2,17587.0,0.6,4.0,4,4,9.2,22.1,3.0,No
1879,37,Male,Marketing,,8,45652.0,4.4,3.0,1,4,27.1,16.6,3.0,No
1413,32,Male,Research & Development,Master's,2,,8.9,5.0,5,4,19.7,59.0,3.0,No
1744,21,Male,Sales,,3,36892.0,26.9,3.0,1,2,21.8,11.7,3.0,No
1479,38,Female,Sales,,2,53492.0,3.3,5.0,2,8,9.3,36.0,3.0,No
1194,51,Female,Sales,Master's,5,,44.6,4.0,5,2,23.6,46.8,4.0,No
1385,24,Female,Finance,Master's,1,45154.0,8.2,3.0,4,6,19.5,16.9,3.0,No
1405,43,Female,Marketing,Bachelor's,5,38655.0,4.9,5.0,2,2,15.4,9.8,2.0,No
1591,27,Female,Research & Development,Bachelor's,5,31776.0,6.2,4.0,3,2,8.0,25.2,4.0,No
1046,40,Male,Research & Development,Bachelor's,6,41098.0,6.6,2.0,4,4,13.2,15.9,4.0,No
1488,42,Female,Research & Development,High School,5,30965.0,1.2,4.0,2,4,21.8,14.1,5.0,No
1670,20,,Marketing,,2,29576.0,9.9,2.0,2,4,6.6,32.9,3.0,No
1025,34,Female,Sales,Bachelor's,4,40570.0,24.6,4.0,5,5,8.1,32.5,4.0,No
1801,30,Male,Marketing,Bachelor's,8,51291.0,1.8,3.0,3,4,41.2,17.4,3.0,No
1472,34,Female,Finance,Bachelor's,3,39693.0,2.1,3.0,3,2,4.7,57.2,2.0,No
1257,42,Female,Marketing,,9,46184.0,10.6,2.0,4,4,21.4,31.4,4.0,No
1561,37,Female,IT,PhD,1,46080.0,3.5,3.0,3,16,4.4,23.4,2.0,No
1834,35,Male,Finance,,9,49416.0,8.4,,3,1,16.9,25.8,3.0,No
1927,36,,Finance,High School,0,28949.0,1.4,3.0,5,2,15.9,57.3,3.0,No
1492,41,Male,IT,High School,0,28970.0,1.0,2.0,2,1,17.3,51.5,5.0,Yes
1548,29,Male,Sales,Bachelor's,11,46842.0,2.2,5.0,4,1,11.5,6.8,5.0,No
1247,28,Male,Sales,High School,5,29682.0,15.7,5.0,5,2,7.8,25.4,3.0,No
1123,40,Male,Sales,High School,3,27634.0,0.6,4.0,5,6,18.4,8.2,3.0,No
1579,36,Male,IT,Master's,7,54261.0,24.2,4.0,3,4,9.8,32.8,4.0,No
1707,30,Male,IT,High School,12,44612.0,2.8,4.0,4,3,10.2,24.3,2.0,No
1690,34,Male,Sales,Master's,5,51151.0,45.1,4.0,3,1,23.8,24.9,3.0,No
1207,30,Male,Sales,Bachelor's,2,20897.0,3.3,3.0,2,1,15.4,5.9,4.0,No
1640,43,Female,Human Resources,Master's,10,61608.0,1.6,1.0,2,1,29.2,40.3,3.0,No
1177,52,Female,Research & Development,Master's,5,,0.5,4.0,4,1,30.0,18.2,4.0,No
1833,28,Male,Research & Development,High School,4,39814.0,9.5,4.0,4,5,7.7,44.3,4.0,No
1829,49,Male,Sales,Bachelor's,3,26175.0,24.4,5.0,4,3,5.1,18.7,3.0,No
1001,41,Female,IT,Master's,4,34268.0,1.6,4.0,5,3,12.6,26.3,5.0,No
1227,60,Male,Finance,Master's,2,37604.0,12.3,2.0,2,6,29.0,0.0,4.0,No
1963,29,Male,Sales,Bachelor's,3,37284.0,13.7,5.0,2,7,18.4,9.6,4.0,Yes
1761,49,Male,Research & Development,Master's,3,58822.0,9.0,5.0,4,2,11.7,45.5,3.0,No
1250,27,Female,Sales,High School,1,18186.0,13.3,3.0,3,3,12.7,34.4,3.0,No
1470,29,Female,Sales,Bachelor's,3,34330.0,3.8,5.0,3,2,13.0,53.8,4.0,No
1109,46,Female,IT,High School,1,28611.0,0.5,4.0,3,3,15.7,49.4,2.0,No
1427,45,Male,Marketing,Master's,8,58355.0,5.8,3.0,4,3,22.8,17.8,1.0,No
1706,29,Male,Sales,High School,0,244154.0,0.6,3.0,4,2,8.5,27.7,,No
1006,26,Male,Research & Development,Bachelor's,4,40853.0,6.4,2.0,4,5,14.1,30.7,2.0,No
1261,36,Male,Sales,PhD,0,45378.0,3.1,1.0,3,1,31.2,52.3,,Yes
1956,50,Male,IT,PhD,1,54100.0,5.5,5.0,3,5,6.4,19.8,4.0,No
1314,42,Male,Sales,,4,36157.0,15.8,1.0,5,2,110.5,9.3,3.0,No
1597,33,,Research & Development,,5,50969.0,22.5,3.0,3,4,14.3,31.3,2.0,Yes
1740,20,Female,Marketing,Bachelor's,2,31986.0,1.2,1.0,3,5,13.6,26.8,3.0,No
1060,47,Female,IT,Bachelor's,6,32331.0,0.5,3.0,4,5,18.2,38.6,4.0,No
1346,20,Male,IT,High School,2,29317.0,2.2,3.0,4,3,4.5,34.1,4.0,No
1048,40,Female,Marketing,Master's,3,41852.0,6.1,5.0,3,4,5.7,33.2,1.0,No
1902,39,Male,Research & Development,Bachelor's,6,35751.0,23.9,3.0,3,3,18.8,28.2,4.0,No
1303,46,Female,Research & Development,PhD,5,49466.0,37.8,2.0,4,5,42.3,14.6,3.0,No
1823,28,Male,Research & Development,Bachelor's,10,49904.0,9.3,1.0,5,3,31.5,,3.0,No
1633,34,Male,Sales,High School,1,24748.0,2.5,3.0,4,4,10.5,54.3,2.0,No
1287,40,Male,Sales,Bachelor's,0,28886.0,1.1,4.0,5,6,13.5,20.3,,No
1919,50,Female,IT,Master's,0,52687.0,3.3,4.0,3,2,6.7,21.1,3.0,No
1759,44,Female,Finance,High School,4,15000.0,324.8,4.0,1,4,17.7,21.4,1.0,No
1992,51,Female,Sales,,2,48948.0,7.0,4.0,5,2,10.6,26.3,3.0,No
1679,41,Female,Sales,Master's,3,52516.0,7.2,1.0,5,2,16.7,33.8,4.0,No
1313,54,Male,IT,Master's,24,80570.0,13.3,2.0,3,1,23.4,24.9,2.0,No
1985,41,Male,Sales,Master's,19,76785.0,7.9,5.0,5,1,14.1,28.8,4.0,No
1722,48,Male,IT,Bachelor's,4,35231.0,31.6,3.0,2,3,9.6,36.4,2.0,Yes
1983,40,Male,Sales,Bachelor's,15,50032.0,6.4,4.0,3,6,10.9,,4.0,No
1850,47,Male,Research & Development,PhD,3,57606.0,4.9,3.0,3,4,14.0,24.0,3.0,No
1735,41,Female,Finance,Bachelor's,2,41826.0,18.6,3.0,3,2,4.4,64.1,3.0,No
1812,33,Male,Sales,Master's,5,44915.0,8.3,4.0,1,2,20.9,31.9,2.0,Yes
1726,51,Male,Marketing,PhD,5,58389.0,0.5,2.0,5,5,16.7,30.9,2.0,No
1460,38,Male,IT,High School,2,22390.0,7.2,3.0,3,5,21.0,12.3,3.0,No
1891,31,Male,Human Resources,Bachelor's,7,45478.0,15.2,3.0,5,3,23.4,13.9,5.0,No
1461,41,,Research & Development,Master's,13,66963.0,4.5,5.0,1,3,12.7,7.5,5.0,No
1384,27,Female,Sales,High School,0,26774.0,13.8,4.0,3,5,2.2,11.0,3.0,No
1018,29,Male,Research & Development,Bachelor's,5,37931.0,7.9,4.0,4,3,10.8,42.4,2.0,No
1821,34,Female,Finance,,5,45662.0,5.3,4.0,3,6,17.4,,5.0,No
1043,32,Male,Sales,,2,40065.0,1.6,4.0,3,2,28.6,20.6,3.0,No
1895,35,Male,Marketing,Master's,2,,3.1,3.0,3,4,21.4,21.1,4.0,Yes
1940,46,Male,Research & Development,High School,11,53790.0,5.3,3.0,2,3,27.5,42.3,4.0,No
1907,36,Male,Sales,High School,18,62291.0,3.8,3.0,4,5,5.7,,4.0,No
1975,29,Female,Marketing,Bachelor's,1,37175.0,3.9,1.0,4,3,23.7,18.6,3.0,No
1512,35,Male,Finance,Bachelor's,11,43949.0,1.6,3.0,1,8,22.2,21.4,4.0,No
1077,34,Male,Research & Development,Bachelor's,16,47482.0,2.0,1.0,3,1,16.1,13.8,5.0,No
1142,29,Male,Research & Development,Master's,8,55455.0,0.7,1.0,5,2,24.8,18.2,3.0,No
1961,53,Female,Research & Development,High School,1,22879.0,5.2,1.0,3,3,17.1,27.3,5.0,Yes
1586,56,Male,IT,Master's,0,41388.0,3.8,3.0,2,1,18.3,43.1,4.0,No
1910,28,Female,Research & Development,High School,1,17578.0,2.2,2.0,2,4,14.6,7.2,4.0,No
1865,32,Male,Research & Development,High School,4,27586.0,0.5,3.0,5,1,15.5,28.5,4.0,No
1788,36,Male,Sales,Bachelor's,11,54394.0,5.5,5.0,5,3,9.4,42.6,5.0,No
1860,44,Male,Finance,Master's,2,45034.0,2.0,3.0,5,2,121.1,43.0,4.0,No
1153,23,Female,Human Resources,Master's,5,42101.0,10.7,2.0,3,3,17.1,32.2,4.0,No
1033,33,Female,Finance,High School,5,33517.0,8.4,4.0,2,4,21.0,39.6,4.0,No
1016,30,Female,Finance,Master's,12,57605.0,10.7,3.0,3,3,20.2,33.3,3.0,No
1436,33,Female,Research & Development,Bachelor's,3,29816.0,5.6,1.0,5,2,28.0,16.3,1.0,Yes
1499,20,Female,Sales,High School,2,20378.0,39.9,,5,4,18.4,21.6,3.0,No
1620,51,Female,Research & Development,Bachelor's,0,20617.0,0.5,4.0,4,4,10.2,48.3,5.0,No
1506,33,Female,Research & Development,Master's,7,54345.0,1.3,3.0,3,2,17.7,3.4,5.0,No
1779,39,Male,Sales,High School,3,27594.0,8.0,3.0,2,1,4.4,31.7,3.0,No
1404,34,Female,Research & Development,High School,6,21184.0,5.5,3.0,4,3,4.4,27.1,4.0,No
1660,35,Female,IT,Master's,2,37502.0,3.2,4.0,5,1,2.2,24.1,4.0,No
1451,37,Male,Research & Development,Master's,0,38030.0,0.8,4.0,3,3,16.2,49.2,3.0,No
1767,39,Female,Research & Development,Bachelor's,14,58035.0,2.9,1.0,3,4,27.0,33.1,3.0,No
1036,48,,IT,High School,6,29833.0,,4.0,4,1,21.7,12.4,3.0,No
1226,40,Male,Marketing,High School,22,51155.0,6.0,4.0,4,4,11.4,48.9,3.0,No
1173,34,Male,Research & Development,High School,8,45290.0,5.4,3.0,3,1,24.5,49.5,4.0,No
1242,37,Male,Research & Development,Bachelor's,5,47476.0,29.8,3.0,2,2,5.2,18.4,2.0,No
1530,52,Female,Human Resources,PhD,5,57099.0,4.7,3.0,3,4,30.1,34.8,3.0,Yes
1344,42,Female,Sales,,1,27358.0,11.8,,3,6,14.7,20.7,3.0,Yes
1157,39,Male,Research & Development,,2,29253.0,1.4,2.0,5,1,25.0,24.4,3.0,Yes
1915,47,Female,IT,Bachelor's,1,39748.0,6.9,2.0,1,1,19.0,42.5,3.0,No
1749,35,Male,Research & Development,Bachelor's,0,36868.0,2.3,5.0,3,2,21.9,62.2,,No
1897,32,Female,Sales,Bachelor's,0,29780.0,8.0,4.0,4,6,24.4,6.0,,No
1904,52,Male,Sales,Bachelor's,3,40078.0,0.5,1.0,3,4,30.8,10.7,2.0,No
1507,60,Male,Research & Development,Bachelor's,0,35395.0,9.6,5.0,3,2,10.9,13.3,4.0,No
1993,54,Male,IT,Master's,12,,0.5,2.0,3,4,23.7,43.7,3.0,No
1556,35,Male,IT,Master's,2,42627.0,4.2,3.0,4,1,8.7,31.0,4.0,No
1216,47,Male,Research & Development,PhD,16,,3.1,3.0,4,1,18.1,35.8,3.0,No
1209,30,Male,Sales,Bachelor's,0,21119.0,9.7,,4,7,22.0,33.2,,No
1065,44,Male,Sales,High School,7,31537.0,7.8,5.0,3,7,10.4,47.4,3.0,No
1011,46,Male,Sales,,3,50471.0,4.0,4.0,3,1,19.9,34.6,5.0,No
1944,49,Female,Marketing,Bachelor's,2,37056.0,2.7,5.0,4,1,18.2,12.6,5.0,No
1624,32,Male,Sales,Master's,6,51231.0,38.0,3.0,2,3,20.0,23.5,4.0,Yes
1996,41,,IT,Bachelor's,7,48893.0,1.4,3.0,3,8,8.3,39.7,3.0,Yes
1179,37,Male,Research & Development,Bachelor's,1,31872.0,9.2,3.0,5,1,17.3,20.7,4.0,No
1253,54,Male,IT,Bachelor's,7,41190.0,5.6,1.0,3,3,28.1,,2.0,Yes
1606,43,Female,Marketing,Bachelor's,1,28325.0,16.8,4.0,3,3,22.0,27.1,5.0,No
1604,32,Male,IT,Master's,10,57478.0,7.2,,4,4,23.0,,4.0,No
1806,48,Male,IT,Master's,13,63331.0,3.4,2.0,2,2,18.0,35.3,4.0,No
1262,36,Male,Marketing,Master's,0,41225.0,3.5,2.0,3,3,22.8,15.6,5.0,Yes
1101,35,Male,Research & Development,Master's,17,64216.0,3.4,,2,5,14.0,19.6,4.0,No
1168,41,Female,IT,Master's,0,39027.0,2.4,5.0,1,4,5.7,22.8,,Yes
1578,49,Female,Research & Development,Master's,7,46285.0,15.0,3.0,1,3,15.5,54.7,4.0,No
1315,45,Male,Sales,Bachelor's,15,44980.0,2.3,4.0,1,3,4.8,,5.0,No
1754,56,Female,Finance,,7,48677.0,2.9,1.0,3,6,20.0,18.5,4.0,No
1873,45,Male,Sales,PhD,5,60046.0,1.8,1.0,1,1,17.2,0.0,3.0,No
1519,46,Male,Finance,,5,36130.0,4.4,4.0,4,1,17.9,39.6,3.0,No
1935,41,,Sales,High School,7,46449.0,3.2,2.0,4,4,26.5,15.8,3.0,No
1662,38,Male,IT,Bachelor's,8,49026.0,5.9,2.0,3,2,8.5,48.9,3.0,No
1991,46,Male,Sales,PhD,14,56528.0,15.4,3.0,5,3,8.1,17.6,5.0,No
1645,35,Male,Research & Development,High School,1,19503.0,7.0,3.0,2,4,15.0,9.6,1.0,No
1447,48,Male,Sales,Master's,7,57730.0,13.0,1.0,3,1,38.7,35.5,1.0,No
1943,42,Female,Marketing,High School,2,24300.0,21.6,3.0,4,3,19.5,3.9,2.0,No
1368,31,Female,Marketing,Bachelor's,0,34168.0,3.6,4.0,4,3,15.0,6.8,,No
1146,34,Female,IT,PhD,4,49518.0,16.7,3.0,3,3,14.1,25.6,4.0,No
1363,47,Female,Sales,,8,42835.0,11.0,2.0,5,8,36.4,44.7,4.0,No
1661,23,Male,Sales,Bachelor's,3,44105.0,4.6,3.0,5,2,15.2,0.0,2.0,No
1899,42,Female,IT,High School,7,41038.0,7.1,3.0,1,5,15.9,,5.0,Yes
1934,53,Male,Research & Development,Bachelor's,5,41209.0,0.5,5.0,2,3,18.1,52.4,4.0,No
1765,41,Female,IT,Bachelor's,2,30825.0,7.0,4.0,2,2,12.1,21.5,5.0,No
1322,36,Male,Research & Development,Bachelor's,0,26033.0,2.0,3.0,2,4,13.7,68.3,,Yes
1186,52,Male,Research & Development,Bachelor's,5,35512.0,5.0,4.0,5,3,24.8,33.1,3.0,No
1654,28,Female,Sales,Bachelor's,1,30503.0,13.9,3.0,4,2,14.9,15.8,5.0,Yes
1133,44,Male,Research & Development,High School,26,76628.0,4.7,1.0,5,4,21.2,19.1,3.0,No
1869,97,Male,Finance,,12,43624.0,13.2,5.0,4,1,18.6,40.4,3.0,No
1631,52,Female,IT,,2,27271.0,2.3,5.0,2,1,11.8,0.0,3.0,No
1757,30,Male,Sales,Bachelor's,7,37818.0,10.8,2.0,4,3,28.2,14.3,3.0,No
1800,38,Male,Marketing,Bachelor's,4,43903.0,28.3,3.0,4,2,37.8,29.1,2.0,No
1887,49,Male,Sales,,1,41240.0,1.4,4.0,3,3,15.9,0.5,4.0,No
1120,36,Male,Human Resources,High School,1,35283.0,6.2,3.0,3,5,4.4,26.6,2.0,Yes
1994,50,Male,Human Resources,Bachelor's,2,38660.0,10.1,5.0,5,5,22.3,26.8,2.0,Yes
1039,31,Female,IT,Master's,1,39405.0,9.4,1.0,3,1,8.8,6.3,5.0,Yes
1841,55,Female,Sales,Bachelor's,5,45750.0,15.2,2.0,3,3,16.3,14.2,3.0,No
1494,42,Male,IT,Master's,1,30186.0,2.3,3.0,3,4,16.2,52.9,2.0,No
1933,48,Female,Research & Development,Bachelor's,0,39321.0,3.3,4.0,4,1,18.2,54.7,5.0,No
1339,48,Female,Sales,Bachelor's,1,26415.0,4.8,3.0,3,5,6.9,32.3,5.0,No
1819,40,Female,Research & Development,Bachelor's,7,46111.0,3.6,5.0,2,3,2.9,34.1,3.0,No
1085,27,Female,Sales,High School,4,24573.0,26.6,1.0,1,6,22.9,36.0,4.0,No
1225,39,Female,Research & Development,High School,8,44761.0,3.8,3.0,4,1,22.4,0.0,2.0,No
1020,38,Male,Research & Development,Bachelor's,10,53934.0,2.6,3.0,3,4,10.6,26.4,3.0,No
1073,30,Male,Finance,Bachelor's,12,35855.0,13.0,5.0,4,3,8.2,59.1,5.0,No
1419,37,Female,IT,High School,7,36443.0,7.7,1.0,4,1,12.4,,4.0,No
1076,44,Male,Research & Development,Bachelor's,15,61948.0,9.1,3.0,3,5,26.6,33.2,3.0,No
1381,39,Female,Sales,Bachelor's,8,54525.0,0.5,3.0,3,7,11.1,67.8,3.0,No
1874,39,Female,Finance,Bachelor's,15,62792.0,11.7,4.0,1,3,15.6,40.4,3.0,No
1386,31,Female,Sales,Master's,0,39890.0,4.0,4.0,5,3,8.4,32.3,,No
1453,56,Male,IT,Master's,5,53935.0,1.4,4.0,1,4,31.5,30.0,3.0,Yes
1265,42,Male,Marketing,High School,7,41779.0,7.2,5.0,3,1,7.6,23.2,4.0,No
1041,45,Male,Research & Development,PhD,6,54736.0,6.1,3.0,4,2,14.4,24.7,4.0,No
1429,26,Male,Human Resources,High School,7,30597.0,14.1,5.0,5,3,8.6,6.8,4.0,No
1161,29,Male,IT,Bachelor's,0,34772.0,14.2,3.0,5,6,17.1,40.6,2.0,No
1111,42,Male,Finance,Bachelor's,9,44891.0,0.5,3.0,5,4,4.4,23.0,4.0,No
1304,35,Female,Research & Development,Bachelor's,13,56323.0,6.7,1.0,4,2,14.9,,3.0,No
1967,36,Male,Human Resources,Bachelor's,54,48035.0,2.2,3.0,3,2,19.8,,3.0,No
1049,44,Female,Sales,Master's,1,38003.0,25.1,3.0,3,1,28.3,24.2,4.0,No
1510,42,Male,Research & Development,Bachelor's,1,25421.0,3.0,1.0,3,5,18.2,22.2,3.0,Yes
1019,46,Male,IT,Master's,4,36719.0,8.9,4.0,1,1,14.5,40.5,3.0,No
1044,40,Female,Research & Development,Bachelor's,6,38740.0,0.5,3.0,1,5,26.7,5.9,2.0,No
1274,57,Male,Human Resources,Master's,9,54494.0,12.3,3.0,5,2,11.4,23.9,2.0,No
1444,50,Male,Research & Development,PhD,2,54225.0,8.0,1.0,5,4,24.1,44.4,4.0,No
1091,44,Male,Research & Development,High School,3,16551.0,4.1,2.0,4,4,6.6,46.1,4.0,Yes
1886,41,Male,Finance,Bachelor's,4,36992.0,8.9,4.0,4,2,2.8,40.7,2.0,No
1887,49,Male,Sales,,1,41240.0,1.4,4.0,3,3,15.9,0.5,4.0,No
1276,41,Male,Finance,PhD,4,57403.0,23.9,5.0,2,1,32.3,0.0,4.0,No
1847,60,Female,Sales,,13,73862.0,11.0,5.0,5,3,3.9,24.1,4.0,No
1673,32,Male,Sales,Master's,14,70573.0,24.2,3.0,2,3,27.5,14.5,4.0,No
1115,39,Female,Sales,High School,13,,4.2,5.0,2,1,23.2,45.2,2.0,No
1329,27,Male,IT,Bachelor's,5,41297.0,46.9,4.0,4,2,19.6,17.3,5.0,No
1581,20,Male,Research & Development,Bachelor's,2,34599.0,2.8,4.0,2,2,9.7,25.6,4.0,No
1466,34,Female,Sales,,1,30248.0,1.9,3.0,4,2,18.3,38.4,5.0,No
1728,45,Male,Sales,High School,1,20611.0,8.5,4.0,3,1,6.0,21.7,5.0,No
1905,32,Male,Sales,,3,27272.0,8.4,4.0,3,3,20.0,44.7,2.0,No
1132,26,Female,IT,High School,5,35262.0,7.2,3.0,4,3,16.3,20.4,5.0,No
1002,29,Male,Finance,Bachelor's,6,47539.0,14.3,2.0,4,4,23.0,29.5,3.0,No
1700,36,Female,Sales,High School,18,59063.0,4.1,5.0,1,3,11.6,28.9,3.0,No
1228,55,Male,Research & Development,High School,5,26986.0,32.5,3.0,5,5,11.4,64.5,4.0,No
1691,41,Male,Marketing,Master's,3,53899.0,17.0,3.0,3,5,24.2,45.5,4.0,No
1840,35,Female,Sales,,5,54345.0,7.1,4.0,5,5,2.2,22.1,3.0,No
1694,20,Male,Research & Development,,2,24511.0,13.7,5.0,5,3,8.4,24.9,5.0,No
1134,36,Female,Research & Development,High School,6,26945.0,4.5,3.0,4,1,21.3,25.3,4.0,No
1736,39,Female,Sales,,2,55204.0,5.9,1.0,1,2,30.8,52.8,4.0,Yes
1249,60,Female,Marketing,High School,0,19130.0,8.7,3.0,3,18,18.2,12.5,5.0,No
1284,42,Female,Research & Development,High School,2,20305.0,7.1,4.0,1,4,2.7,37.9,4.0,No
1497,100,Male,Human Resources,High School,4,30166.0,12.4,5.0,5,2,9.3,51.9,3.0,No
1681,45,Female,Sales,Master's,8,58028.0,8.9,3.0,5,4,17.2,21.3,5.0,No
1336,27,Male,Research & Development,Master's,0,43564.0,9.8,2.0,3,4,31.3,37.1,5.0,No
1440,42,Male,Research & Development,Bachelor's,1,22087.0,2.4,4.0,4,5,15.9,29.6,4.0,No
1264,33,Female,Sales,,6,36104.0,3.8,4.0,1,2,10.0,47.0,5.0,No
1143,20,Male,IT,Bachelor's,1,30283.0,10.5,2.0,4,1,8.5,39.6,3.0,Yes
1246,26,Male,Research & Development,Bachelor's,8,40800.0,351.9,1.0,4,1,20.9,22.6,3.0,No
1813,40,Female,Sales,Master's,0,38795.0,4.9,3.0,4,3,12.5,35.5,,No
1028,41,Male,Research & Development,Bachelor's,1,,,2.0,2,1,9.2,17.9,3.0,No
1442,41,Male,Sales,Master's,5,48724.0,1.5,1.0,4,6,25.4,3.2,5.0,No
1139,56,Female,Sales,PhD,6,61679.0,3.7,3.0,3,1,4.8,14.0,2.0,No
1364,28,Male,Sales,Bachelor's,1,36354.0,19.4,5.0,4,3,0.0,17.1,4.0,No
1090,42,Male,Research & Development,High School,24,,1.4,,3,4,25.1,21.8,4.0,No
1839,55,Female,Sales,High School,2,25769.0,15.2,1.0,3,3,32.7,21.8,4.0,No
1924,33,Female,Sales,High School,2,22587.0,0.5,5.0,5,5,23.1,24.5,3.0,No
1024,37,Male,Sales,,10,48889.0,12.0,4.0,4,2,18.7,35.3,5.0,No
1609,23,Male,IT,High School,5,45936.0,3.8,3.0,4,2,23.9,31.7,2.0,No
1080,35,Female,Sales,Bachelor's,2,41112.0,3.8,3.0,3,3,14.1,6.8,4.0,No
1126,41,Male,Research & Development,PhD,5,62087.0,5.4,3.0,4,8,14.0,25.0,3.0,No
1705,47,Female,Research & Development,,5,37006.0,17.8,3.0,1,2,27.0,43.1,2.0,Yes
1243,22,Male,Sales,Bachelor's,3,41022.0,5.8,4.0,3,3,11.4,20.6,4.0,No
1371,38,Male,Sales,,4,40157.0,4.3,4.0,4,4,25.3,27.0,4.0,No
1684,33,Female,Sales,PhD,7,63277.0,3.8,3.0,5,4,22.3,44.3,5.0,No
1327,24,Male,Sales,High School,3,39252.0,5.8,4.0,5,4,13.3,40.3,4.0,No
1580,41,Female,Sales,Bachelor's,0,29739.0,12.3,3.0,4,3,19.2,19.1,3.0,No
1658,40,Male,IT,High School,3,32928.0,0.9,3.0,3,3,16.2,26.2,3.0,No
1505,20,Male,Research & Development,High School,2,33248.0,6.1,1.0,3,2,22.4,32.0,5.0,No
1409,20,Male,Research & Development,Bachelor's,2,34426.0,3.6,3.0,3,5,11.2,35.1,1.0,No
1243,22,Male,Sales,Bachelor's,3,41022.0,5.8,4.0,3,3,11.4,20.6,4.0,No
1082,32,Male,Sales,High School,4,35283.0,3.8,4.0,4,1,15.5,,2.0,No
1469,48,Male,IT,Master's,4,38003.0,19.5,3.0,3,2,11.8,22.9,3.0,No
1232,33,Male,Marketing,High School,7,28137.0,5.0,5.0,3,6,10.4,21.5,1.0,No
1502,46,Female,IT,Bachelor's,5,34648.0,1.8,5.0,1,4,15.9,64.2,4.0,No
1038,30,Male,Sales,Master's,1,30438.0,5.7,3.0,2,3,35.6,1.7,2.0,No
1843,54,Male,Research & Development,PhD,3,55752.0,0.8,1.0,1,2,33.1,28.0,4.0,Yes
1898,30,Female,Research & Development,Bachelor's,8,50455.0,1.5,5.0,1,5,1.9,49.7,4.0,No
1141,42,Female,Research & Development,High School,8,36393.0,1.5,5.0,2,15,13.0,,5.0,No
1547,40,Male,IT,Master's,1,35189.0,29.4,5.0,4,4,14.3,35.2,3.0,Yes
1901,42,Male,Research & Development,Bachelor's,1,23072.0,5.7,3.0,5,4,9.8,12.8,2.0,No
1638,28,Female,Research & Development,High School,10,40395.0,25.8,5.0,4,4,27.4,32.5,4.0,No
1237,20,Male,Human Resources,Bachelor's,2,27331.0,2.7,4.0,4,4,18.6,15.7,3.0,Yes
1814,33,Male,IT,Bachelor's,2,30677.0,21.3,3.0,4,5,14.1,18.4,2.0,No
1417,48,Female,Marketing,Master's,5,57691.0,5.7,1.0,4,3,20.0,12.9,3.0,No
1766,22,Female,Finance,High School,4,35418.0,8.5,3.0,2,4,28.4,38.7,3.0,Yes
1689,34,Male,Research & Development,Bachelor's,9,35032.0,6.9,3.0,5,2,18.4,21.0,3.0,No
1605,32,,Sales,Bachelor's,2,36562.0,6.2,3.0,3,6,20.8,43.3,3.0,Yes
1622,38,Male,Research & Development,High School,4,35949.0,0.5,,4,5,21.6,25.0,4.0,No
1793,43,Male,Sales,Bachelor's,5,44211.0,10.0,3.0,3,4,4.4,,2.0,No
1851,35,Male,Sales,High School,2,32307.0,0.9,5.0,4,2,7.6,22.6,3.0,No
1584,28,Female,IT,High School,3,22034.0,3.9,3.0,1,3,27.4,37.7,5.0,Yes
1674,26,Female,Sales,,6,43214.0,17.4,2.0,4,1,22.9,13.1,4.0,No
1333,32,Male,Research & Development,Bachelor's,5,41276.0,15.2,5.0,5,3,12.6,48.9,4.0,No
1270,38,Female,Research & Development,Master's,3,51523.0,3.3,3.0,3,1,20.8,196.3,3.0,No
1952,99,Male,Sales,Bachelor's,4,47509.0,12.7,1.0,2,1,20.0,19.0,4.0,Yes
1338,41,Male,Research & Development,Master's,1,42682.0,13.2,4.0,3,5,2.2,18.8,1.0,No
1092,37,Male,Research & Development,Bachelor's,4,24437.0,4.2,3.0,3,2,21.2,56.1,2.0,Yes
1081,42,Male,Finance,Bachelor's,9,45884.0,3.7,4.0,5,2,25.4,0.0,5.0,No
1704,37,Male,Marketing,Master's,3,31701.0,20.5,4.0,3,7,3.2,36.2,3.0,No
1922,30,Male,Sales,PhD,2,43924.0,5.5,5.0,5,3,7.6,47.9,4.0,No
